,InvStokes1,Alpha,AspectRatio,FlaringIndex,PlanetMass,SigmaSlope,nx,rout,ny
1,28.379190284415568,0.0001468926277643,0.0772849999999999,0.099575,5.963483198341264e-05,0.69915,600.0,3,193.0
2,205.58905959841425,0.0001538154640303,0.057615,0.165025,0.0005591135275705,0.83005,600.0,3,193.0
3,601.1737374832779,0.0005093308710571,0.096115,0.334775,0.0021953309491398,1.16955,600.0,3,193.0
4,209.41124558508932,0.0026363313858253,0.047675,0.131075,0.0004513360253409,0.76215,659.0,3,212.0
5,623.7348354824192,0.0005741164622073,0.074975,0.341425,0.0002325412485873,1.18285,600.0,3,193.0
6,75.68328950209744,0.0067142885292595,0.0898849999999999,0.096425,2.867477375581313e-05,0.69285,600.0,3,193.0
7,350.751873952568,0.0012105981335504,0.093805,0.0617749999999999,5.604024173641845e-05,0.6235499999999999,600.0,3,193.0
8,74.30191378967014,0.0032433961734934,0.043545,0.252525,0.0004544645372095,1.00505,721.0,3,232.0
9,11.402497875611685,0.0017988709151287,0.041655,0.050575,0.0003002617420861,0.60115,754.0,3,243.0
11,555.9042572704037,0.0038994198667654,0.0740649999999999,0.275275,0.0009005337627506,1.05055,600.0,3,193.0
12,50.46612975635284,0.0001364583136588,0.098285,0.3445749999999999,0.0013443117666713,1.18915,600.0,3,193.0
13,47.53352259428053,0.0002851018267503,0.048865,0.022925,0.0007524887301735,0.54585,643.0,3,207.0
14,62.95061828571975,0.0041209751909733,0.067205,0.342125,0.001410912236458,1.18425,600.0,3,193.0
15,760.3262769401822,0.0027352687263067,0.099615,0.305375,0.0032546178349804,1.11075,600.0,3,193.0
16,132.1295634186575,0.0017498466886246,0.065245,0.037625,0.0066297934767066,0.57525,600.0,5,242.0
18,55.335010921573655,0.0036728230049808,0.044175,0.270375,0.0009321804703416,1.04075,711.0,3,229.0
19,374.1105882720533,0.0002349632820848,0.091145,0.0530249999999999,0.0003618261907324,0.60605,600.0,3,193.0
20,14.487718535447618,0.0001358313446587,0.060485,0.268625,0.0026091557230141,1.03725,600.0,3,193.0
21,65.61452663029057,0.002264644307593,0.073575,0.296275,0.0017721480451351,1.09255,600.0,3,193.0
22,837.5292821268827,0.0003572728381519,0.039415,0.184625,0.0035604099003595,0.8692500000000001,797.0,3,257.0
23,31.84197521726125,0.0041783036664662,0.075465,0.0656249999999999,0.0049945918020824,0.63125,600.0,3,193.0
24,29.853826189179603,0.0005116818355403,0.074415,0.1478749999999999,0.0089846259257068,0.79575,600.0,5,242.0
25,33.962527259040854,0.000101624869287,0.080645,0.224875,0.0015328512063629,0.94975,600.0,3,193.0
26,30.4088502567628,0.0001339676687425,0.084985,0.281925,0.0011627865510033,1.06385,600.0,3,193.0
27,212.32444620002192,0.0002600159563165,0.050755,0.2196249999999999,0.0001776233268288,0.93925,619.0,3,200.0
28,192.75249131909365,0.0001020939483707,0.090305,0.280875,1.4371430533563898e-05,1.06175,600.0,3,193.0
29,526.0172663907063,0.0020276827195212,0.042775,0.156625,1.3598781632845189e-05,0.81325,734.0,3,236.0
30,291.7427014001166,0.0008413951416451,0.064195,0.018025,4.0784956177127e-05,0.53605,600.0,3,193.0
31,12.387965865303691,0.0027605778562203,0.095485,0.234675,0.0022413000457823,0.96935,600.0,3,193.0
32,32.43396173493493,0.0003155004623374,0.090655,0.0621249999999999,5.841172070928301e-05,0.62425,600.0,3,193.0
33,347.53616144320574,0.0016557699634695,0.052365,0.335475,0.0005476461009618,1.17095,600.0,3,193.0
34,221.30947096056389,0.0019275249131909,0.073435,0.170975,2.463201838235155e-05,0.84195,600.0,3,193.0
35,256.4484036517716,0.0008770008211436,0.049775,0.007175,0.0001257476854367,0.51435,631.0,3,203.0
36,91.411324147025,0.0001448771853544,0.071265,0.231875,1.9341938586192796e-05,0.96375,600.0,3,193.0
38,188.36490894898,0.0011994993031493,0.068815,0.322175,0.0030796403415023,1.14435,600.0,3,193.0
39,218.2729911843001,0.0005482769649208,0.046415,0.018725,0.0026822546076084,0.53745,677.0,3,218.0
40,10.990058394325208,0.0006591738952443,0.081205,0.1079749999999999,0.0001080189620881,0.71595,600.0,3,193.0
41,231.739464996848,0.0002027682719521,0.085545,0.346325,1.097741290273713e-05,1.19265,600.0,3,193.0
42,650.1296903430909,0.0002471724145016,0.081415,0.210875,9.738677853286336e-05,0.92175,600.0,3,193.0
44,11.1429453359173,0.0006652731562017,0.088765,0.224175,0.0031659204634322,0.94835,600.0,3,193.0
45,889.2011178579481,0.0010495424286523,0.061045,0.2938249999999999,2.190281828068457e-05,1.08765,600.0,3,193.0
46,139.63683610559377,0.0007030723198838,0.084005,0.086975,2.205464136392748e-05,0.67395,600.0,3,193.0
47,68.7068440014232,0.0029444216337987,0.044805,0.243775,0.0092363418841962,0.98755,701.0,5,283.0
48,47.75292736576909,0.000158124803927,0.075535,0.186725,0.0002841188184983,0.8734500000000001,600.0,3,193.0
49,897.4287945007482,0.0001409288798421,0.086945,0.337925,0.006449113198681,1.17585,600.0,5,242.0
52,408.3193863326923,0.000116144861384,0.099755,0.239575,0.0007219381629371,0.97915,600.0,3,193.0
53,298.538261891796,0.0004731512589614,0.087365,0.046375,0.0084430624190901,0.59275,600.0,5,242.0
54,26.121613543992066,0.0090573260089819,0.096535,0.1048249999999999,0.0067686179291974,0.70965,600.0,5,242.0
55,104.47202192208005,0.0084918047503631,0.065315,0.042175,0.0006878599123088,0.58435,600.0,3,193.0
56,73.96052750582378,0.0031988951096913,0.088975,0.137375,9.343293682573147e-05,0.77475,600.0,3,193.0
57,46.0256573581356,0.0029040226544644,0.078615,0.121625,1.2092051829432072e-05,0.74325,600.0,3,193.0
58,379.3149849736821,0.000271019163189,0.080575,0.179025,0.0009649393118055,0.85805,600.0,3,193.0
59,156.67510701081486,0.0024154608344449,0.093525,0.2182249999999999,0.0050640734952385,0.93645,600.0,5,242.0
60,17.82378767448089,0.0002123244462,0.083235,0.318675,9.874156357468666e-05,1.13735,600.0,3,193.0
62,635.3309318517436,0.0014487718535447,0.051245,0.1989749999999999,1.192614265855822e-05,0.89795,613.0,3,198.0
64,42.36429660495411,0.0036559479161312,0.091425,0.082425,0.0001956590767934,0.6648499999999999,600.0,3,193.0
65,16.481623915255085,0.0010303861204416,0.096885,0.2780749999999999,0.0007473086341912,1.05615,600.0,3,193.0
66,370.680721782576,0.0004216965034285,0.042005,0.172375,7.236024022802521e-05,0.84475,748.0,3,241.0
68,464.5152752227492,0.0002798981319634,0.098565,0.2210249999999999,0.0010629185832756,0.94205,600.0,3,193.0
69,94.40608762859236,0.0081470428402083,0.059435,0.146475,0.0082698950856793,0.79295,600.0,5,242.0
70,15.739828644662197,0.0057147863667186,0.087645,0.327075,0.0002440619068041,1.15415,600.0,3,193.0
71,25.527013026612472,0.00062086903423,0.086175,0.024675,0.0008462525688072,0.54935,600.0,3,193.0
72,24.49063241844745,0.0031405086938762,0.045925,0.032725,2.160230034774744e-05,0.56545,684.0,3,220.0
73,321.3660538640318,0.0002722701308077,0.0462049999999999,0.257775,0.0031441264202587,1.01555,680.0,3,219.0
74,96.60508789898132,0.0004456562483975,0.088555,0.2549749999999999,6.523790409982089e-05,1.00995,600.0,3,193.0
75,712.8530301265198,0.0016405897731995,0.042145,0.066325,0.0001612501027337,0.6326499999999999,745.0,3,240.0
76,17.906058540352948,0.0002338837238659,0.081275,0.078925,0.0017968010801734,0.65785,600.0,3,193.0
77,15.100801541641486,0.0016481623915255,0.098215,0.342475,0.0023361461022189,1.18495,600.0,3,193.0
78,144.21153515248682,0.0011297959146727,0.044525,0.156275,0.0003797519389713,0.81255,706.0,3,227.0
81,213.30449131465767,0.0001749846688624,0.071125,0.000175,1.0901844923851268e-05,0.50035,600.0,3,193.0
82,28.773984147356696,0.0002213094709605,0.0819749999999999,0.291375,0.000146386153755,1.08275,600.0,3,193.0
83,445.6562483975033,0.0012912192736135,0.070075,0.252175,0.0007789328145536,1.00435,600.0,3,193.0
84,909.9132726322516,0.000521194711105,0.067905,0.023275,0.0001036334604431,0.54655,600.0,3,193.0
85,367.2823004980846,0.0064714261574858,0.079525,0.119875,0.0013076755389202,0.73975,600.0,3,193.0
86,15.310874616820303,0.00214289060112,0.071965,0.2084249999999999,0.0045029798128808,0.91685,600.0,3,193.0
87,79.25013304804718,0.0017741894808901,0.079875,0.1926749999999999,7.915894546242618e-05,0.88535,600.0,3,193.0
88,603.94862937638,0.00078523563461,0.082325,0.278425,1.7080477200597077e-05,1.05685,600.0,3,193.0
89,18.071741260109278,0.0004477133041763,0.091075,0.198625,0.0029342695039559,0.8972500000000001,600.0,3,193.0
90,341.1929116219285,0.0083752928212688,0.091005,0.286475,0.0005991009386113,1.07295,600.0,3,193.0
91,80.72350302488383,0.0001442115351524,0.082675,0.3396749999999999,5.158221650723061e-05,1.17935,600.0,3,193.0
92,153.81546403030342,0.0023823194693586,0.094015,0.195825,4.715198713364476e-05,0.89165,600.0,3,193.0
93,957.1940712948442,0.0046881338214526,0.075395,0.005075,0.0001680737925708,0.51015,600.0,3,193.0
94,327.3406948788383,0.0001030386120441,0.099895,0.094325,1.3412199354053725e-05,0.68865,600.0,3,193.0
95,553.3501092157366,0.0052360043658575,0.043335,0.0628249999999999,5.017645790367086e-05,0.62565,725.0,3,234.0
96,13.899526312133531,0.0001517050367459,0.073155,0.2689749999999999,0.0009582967163063,1.03795,600.0,3,193.0
97,629.5061828571975,0.001104078619902,0.052505,0.067725,2.927520871369441e-05,0.63545,600.0,3,193.0
98,260.0159563165272,0.007780365510398,0.047885,0.326725,0.0077179151558501,1.15345,656.0,5,265.0
99,229.61486481123632,0.0009616122783836,0.093035,0.027825,1.4571357047304205e-05,0.55565,600.0,3,193.0
100,27.47894153102397,0.0006839116472814,0.043615,0.078225,0.0002390561935344,0.65645,720.0,3,232.0
101,365.594791613125,0.0004120975190973,0.064055,0.163975,0.0001423967246646,0.82795,600.0,3,193.0
102,69.02398038402418,0.002182729911843,0.055095,0.115325,0.0008521185113792,0.73065,600.0,3,193.0
103,315.50046233746275,0.0097050996724548,0.0894649999999999,0.060375,7.286181745132274e-05,0.62075,600.0,3,193.0
104,767.3614893618194,0.0007925013304804,0.044875,0.189875,0.008384940786218,0.87975,700.0,5,283.0
105,226.464430759306,0.0001099005839432,0.063285,0.123025,0.0001634933151129,0.74605,600.0,3,193.0
106,17.179083871575884,0.0007533555637337,0.089955,0.0054249999999999,0.000156855589768,0.51085,600.0,3,193.0
107,40.27170343254591,0.0070307231988383,0.0704249999999999,0.2063249999999999,0.0003239664224348,0.91265,600.0,3,193.0
108,10.789467222298288,0.0088920111785794,0.076165,0.246225,0.0004390358656409,0.99245,600.0,3,193.0
109,561.0479760324706,0.0002328091257665,0.095695,0.0526749999999999,0.0030584402465105,0.6053499999999999,600.0,3,193.0
110,269.77394324449205,0.0013031667784523,0.075325,0.253925,0.0007735706787749,1.00785,600.0,3,193.0
111,574.1164622073275,0.0017338039977541,0.085055,0.2710749999999999,0.0015014124057541,1.04215,600.0,3,193.0
112,803.5261221856177,0.0004602565735813,0.060205,0.3225249999999999,1.0315730794395103e-05,1.14505,600.0,3,193.0
113,232.8091257665008,0.0066221650370176,0.090095,0.212275,0.0019520907340433,0.92455,600.0,3,193.0
114,102.5651926251408,0.0020090928126087,0.041375,0.143675,1.8945235143565917e-05,0.78735,759.0,3,244.0
115,770.90346906443,0.0030974192992165,0.065385,0.205975,3.0095391688732043e-05,0.91195,600.0,3,193.0
116,279.8981319634363,0.0009440608762859,0.096325,0.333725,0.0049260634334957,1.16745,600.0,3,193.0
117,10.06931668851804,0.0009183325964835,0.076935,0.319375,0.000282162958309,1.13875,600.0,3,193.0
118,151.70503674593368,0.0075335556373371,0.094295,0.069475,0.0063606280483726,0.63895,600.0,5,242.0
119,59.56621435290104,0.0002046444636724,0.086595,0.245525,7.700164443568718e-05,0.99105,600.0,3,193.0
120,30.269134281013045,0.008609937521846,0.055515,0.301875,0.0020346981958505,1.10375,600.0,3,193.0
121,88.10488730080142,0.0037931498497368,0.049635,0.007875,3.408003248003648e-05,0.51575,633.0,3,204.0
122,154.5254439538414,0.0001114294533591,0.062795,0.245175,8.250874854788077e-05,0.99035,600.0,3,193.0
124,30.13006024186122,0.0003380648362059,0.081555,0.043225,0.0094951099920219,0.58645,600.0,5,242.0
125,22.13094709605637,0.0007816278045883,0.096045,0.109375,2.236145198722521e-05,0.71875,600.0,3,193.0
127,443.6086439314328,0.0009397233105646,0.067625,0.282625,3.338105051659896e-05,1.06525,600.0,3,193.0
128,563.6376558259543,0.0002529297996446,0.0708449999999999,0.166075,0.0039219314633265,0.83215,600.0,3,193.0
129,11.091748152624008,0.0031695674630434,0.093735,0.097825,0.0045341929777901,0.69565,600.0,3,193.0
130,127.93813041575252,0.0007194489780036,0.074765,0.326375,0.0056558775708915,1.1527500000000002,600.0,5,242.0
131,175.7923613958693,0.0001954339455775,0.066365,0.3365249999999999,0.0006074352628635,1.17305,600.0,3,193.0
132,21.82729911843001,0.0042953642676488,0.075185,0.155575,0.0032771777680517,0.81115,600.0,3,193.0
133,82.22426499470713,0.0016943378004473,0.050615,0.064925,0.0010777052536943,0.62985,621.0,3,200.0
134,26.85344445658508,0.0009977000638225,0.080855,0.1027249999999999,0.0086198557870575,0.7054499999999999,600.0,5,242.0
135,23.06747188720069,0.0012161860006463,0.041445,0.260225,0.0009257633851208,1.02045,758.0,3,244.0
136,162.55487557504833,0.0001415793779957,0.070775,0.281225,0.0003495425095985,1.06245,600.0,3,193.0
137,144.87718535447618,0.0006561452663029,0.083375,0.034825,0.0003877037485103,0.56965,600.0,3,193.0
139,516.416369272071,0.0005432503314924,0.061675,0.074725,0.0001788545529107,0.64945,600.0,3,193.0
140,14.621771744567184,0.001618080037643,0.087085,0.089075,0.0013915537948446,0.67815,600.0,3,193.0
141,50.003453497697855,0.0013708817661648,0.096605,0.081725,0.0011708466023202,0.66345,600.0,3,193.0
142,115.08003889444356,0.0004909078761526,0.039625,0.206675,8.423643914384008e-05,0.91335,793.0,3,255.0
143,190.10782799233,0.0001145512941445,0.079315,0.139825,0.0033923448954144,0.77965,600.0,3,193.0
144,110.9174815262401,0.0002824879974915,0.052295,0.333375,0.0004639807899821,1.16675,601.0,3,194.0
146,25.176769277588555,0.0031550046233746,0.043755,0.283325,0.0085605171172009,1.06665,718.0,5,290.0
147,93.110787546783,0.0003243396173493,0.094645,0.001225,0.0004451434629201,0.50245,600.0,3,193.0
148,103.03861204416158,0.0034276778654645,0.047045,0.2815749999999999,0.0008820638021366,1.0631499999999998,668.0,3,215.0
149,36.05786430216423,0.0033036954103681,0.049705,0.102375,3.994845613082851e-05,0.70475,632.0,3,204.0
151,220.2926463053456,0.0098401110576113,0.096465,0.213675,0.0032998940791083,0.92735,600.0,3,193.0
152,273.5268726306711,0.0060953689724016,0.083305,0.0159249999999999,3.431626397964683e-05,0.53185,600.0,3,193.0
153,796.1593504173192,0.0001610645635178,0.044105,0.093275,0.0037887853374843,0.68655,712.0,3,229.0
154,353.9973410834346,0.000230674718872,0.086455,0.132825,7.087613064511829e-05,0.7656499999999999,600.0,3,193.0
156,71.6143410212902,0.0092257142715476,0.061325,0.2479749999999999,4.370186790706137e-05,0.99595,600.0,3,193.0
157,91.83325964835812,0.0001104078619902,0.047955,0.1461249999999999,0.0002802205621666,0.7922499999999999,655.0,3,211.0
158,77.44617978025188,0.0037239170625456,0.0660149999999999,0.2161249999999999,1.331987042313163e-05,0.93225,600.0,3,193.0
160,21.23244462000219,0.0001199499303149,0.064545,0.324275,5.881661141430384e-05,1.1485500000000002,600.0,3,193.0
161,318.41975217261256,0.0002890679882365,0.090165,0.120925,4.523764623324996e-05,0.74185,600.0,3,193.0
163,57.14786366718672,0.0035563131856898,0.064825,0.2528749999999999,6.94224601714119e-05,1.00575,600.0,3,193.0
164,126.18275345906706,0.0013396766874259,0.079735,0.081375,0.0088003511168732,0.66275,600.0,5,242.0
166,70.30723198838334,0.0061235039172477,0.060555,0.043925,1.1053504693828429e-05,0.58785,600.0,3,193.0
167,27.98981319634363,0.0038282474331682,0.058595,0.314125,0.0010851755496327,1.12825,600.0,3,193.0
168,74.98942093324558,0.002971666031738,0.050545,0.268275,0.002874087593615,1.03655,622.0,3,200.0
169,11.885022274370185,0.0006902398038402,0.057265,0.162575,0.0003262120503942,0.82515,600.0,3,193.0
170,83.36811846196343,0.0004064433291652,0.044385,0.235375,0.0004154320512418,0.97075,708.0,3,228.0
171,10.023052380778994,0.0014757065332758,0.057825,0.2745749999999999,6.660395212984232e-05,1.04915,600.0,3,193.0
172,822.2426499470712,0.0063826348619054,0.063705,0.035525,8.308067187019148e-05,0.5710500000000001,600.0,3,193.0
173,230.6747188720069,0.0002018366363681,0.079455,0.265125,0.0060603820052706,1.03025,600.0,5,242.0
174,90.1571137605957,0.0007638357835776,0.098145,0.236075,0.002995711592428,0.97215,600.0,3,193.0
175,488.6523593428336,0.0003097419299216,0.060135,0.258125,8.026015608726264e-05,1.01625,600.0,3,193.0
176,368.97759857015046,0.0003917418771077,0.075255,0.132125,0.0021503046793402,0.76425,600.0,3,193.0
177,35.727283815192884,0.0001874994508067,0.065455,0.3183249999999999,4.22182279051133e-05,1.13665,600.0,3,193.0
178,78.16278045883297,0.0020464446367246,0.051525,0.2133249999999999,4.4309821448929845e-05,0.92665,610.0,3,197.0
179,391.7418771077831,0.0003198895109691,0.087925,0.117075,3.3845427186630896e-05,0.73415,600.0,3,193.0
180,66.83439175686149,0.007328245331389,0.082885,0.233975,2.603154831374181e-05,0.96795,600.0,3,193.0
181,905.7326008981998,0.0008974287945007,0.059015,0.3452749999999999,0.0059360834819137,1.19055,600.0,5,242.0
182,185.7804455091699,0.0007961593504173,0.049845,0.249025,0.0004607867686902,0.99805,630.0,3,203.0
184,13.645831365889244,0.0023713737056616,0.077425,0.2231249999999999,0.0001557758034831,0.94625,600.0,3,193.0
185,25.29297996446145,0.0015240527537972,0.068045,0.210175,0.0070064818286541,0.92035,600.0,5,242.0
186,612.3503917247733,0.00160324539069,0.091355,0.273875,0.0002140424926771,1.04775,600.0,3,193.0
187,36.39150361272071,0.0010115794542598,0.081345,0.2535749999999999,0.0025733567644261,1.0071499999999998,600.0,3,193.0
188,826.0379495771792,0.0099770006382255,0.076375,0.097125,6.478880952687807e-05,0.69425,600.0,3,193.0
189,22.750974307720703,0.0039174187710778,0.051735,0.014525,0.0001214786620471,0.52905,607.0,3,196.0
190,176.6037820686164,0.0001655769963469,0.062025,0.310275,0.0003129680471563,1.1205500000000002,600.0,3,193.0
191,550.8076964054036,0.0032284941217126,0.073715,0.1594249999999999,1.539926526059492e-05,0.81885,600.0,3,193.0
192,19.724227361148536,0.0024043628000069,0.087855,0.133525,0.0071039517000295,0.76705,600.0,5,242.0
194,33.18944575526103,0.0068076935869374,0.082815,0.197225,0.0003643342500684,0.8944500000000001,600.0,3,193.0
195,18.323144223712116,0.0056104797603247,0.045575,0.239225,4.050419451364931e-05,0.97845,689.0,3,222.0
197,41.02041029866068,0.0071285303012651,0.076725,0.050225,2.988821646959377e-05,0.60045,600.0,3,193.0
198,419.75898399100777,0.0001315224832192,0.071895,0.259175,0.0020206914319922,1.01835,600.0,3,193.0
199,52.11947111050805,0.000162554875575,0.064335,0.0561749999999999,5.122712702645391e-05,0.61235,600.0,3,193.0
200,41.97589839910075,0.0001573982864466,0.078055,0.0509249999999999,0.0005949767567589,0.60185,600.0,3,193.0
201,211.3489039836648,0.0001936421963946,0.059785,0.190925,6.569011164762661e-05,0.88185,600.0,3,193.0
202,95.2796164023652,0.0040457589169744,0.065595,0.317625,0.000433012067738,1.13525,600.0,3,193.0
203,196.33602768360475,0.0003443499307633,0.085475,0.090825,2.887353779188884e-05,0.68165,600.0,3,193.0
204,314.0508693876217,0.0002877398414735,0.062585,0.176225,0.000141416472507,0.85245,600.0,3,193.0
205,165.57699634695277,0.0018578044550916,0.048935,0.217175,0.0001903268237576,0.93435,642.0,3,207.0
206,123.8796586530369,0.0001088930093333,0.088695,0.171675,0.0002508996179465,0.84335,600.0,3,193.0
208,12.274392311584071,0.0004623810213992,0.096815,0.194075,0.0020488020499575,0.88815,600.0,3,193.0
209,14.55459080581966,0.0003758374042884,0.071335,0.159775,7.490313585107577e-05,0.81955,600.0,3,193.0
210,12.33104833228909,0.0005000345349769,0.077775,0.1513749999999999,0.0027957607275808,0.80275,600.0,3,193.0
211,458.1418867145335,0.0005821032177708,0.054465,0.126875,0.0001536384793331,0.7537499999999999,600.0,3,193.0
212,659.1738952443212,0.0003881503659906,0.057195,0.180425,1.060473938372333e-05,0.86085,600.0,3,193.0
213,82.60379495771788,0.0081846478813479,0.0556549999999999,0.2598749999999999,0.0002309404458919,1.01975,600.0,3,193.0
214,19.906733389871864,0.0034593937782612,0.078265,0.255675,0.0042315550971661,1.01135,600.0,3,193.0
215,117.21953655481305,0.0050003453497697,0.058245,0.1272249999999999,1.2956866975170187e-05,0.75445,600.0,3,193.0
216,34.27677865464505,0.0019098532585662,0.097165,0.144725,0.0022724796352708,0.78945,600.0,3,193.0
217,644.1692655151775,0.0002483133105295,0.067485,0.218575,1.053173687129716e-05,0.93715,600.0,3,193.0
218,157.39828644662197,0.0042756288615158,0.089115,0.332675,0.0002423817964554,1.16535,600.0,3,193.0
219,598.4115950603199,0.0008147042840208,0.051875,0.3417749999999999,1.045923690463168e-05,1.18355,606.0,3,195.0
220,13.520725631942772,0.0004008667176273,0.071615,0.319725,6.706562867022782e-05,1.13945,600.0,3,193.0
221,395.3666200681279,0.0051404365158242,0.0818349999999999,0.034475,3.912911271268532e-05,0.56895,600.0,3,193.0
222,64.71426157485831,0.0007128530301265,0.099965,0.174475,4.5551218616573925e-05,0.84895,600.0,3,193.0
223,43.55118736855686,0.0004518559443749,0.076655,0.032375,6.302313459908516e-05,0.56475,600.0,3,193.0
224,576.7664633922509,0.0029174270140011,0.082605,0.219275,0.0056169427835563,0.93855,600.0,5,242.0
225,69.66265141107687,0.0002296148648112,0.078895,0.049525,5.376504331222544e-05,0.59905,600.0,3,193.0
226,191.8668740670289,0.0008933054837332,0.046835,0.0155749999999999,0.004629136637776,0.53115,671.0,3,216.0
227,72.61059574351547,0.0024490632418447,0.053625,0.3466749999999999,0.0025556419010641,1.19335,600.0,3,193.0
228,56.62392890382535,0.0002113489039836,0.070005,0.2266249999999999,1.855666809433573e-05,0.95325,600.0,3,193.0
229,872.9713683881113,0.0027861211686297,0.041865,0.077525,0.0022105482562994,0.65505,750.0,3,242.0
230,124.45146117713855,0.0012735030810166,0.0896049999999999,0.2605749999999999,0.0001943121691828,1.02115,600.0,3,193.0
231,21.03778439766475,0.0012793813041575,0.068885,0.071225,0.0007682454556792,0.64245,600.0,3,193.0
233,52.36004365857501,0.0005140436515824,0.086035,0.163625,4.880901012475764e-05,0.82725,600.0,3,193.0
234,49.54501908047903,0.0037068072178257,0.050335,0.1111249999999999,0.0023850637954651,0.72225,624.0,3,201.0
235,301.3006024186122,0.0046665938031428,0.095975,0.1541749999999999,0.0001283807770472,0.8083499999999999,600.0,3,193.0
236,108.89300933334331,0.0018155156627731,0.086105,0.0222249999999999,9.088662990655875e-05,0.54445,600.0,3,193.0
237,24.831331052955704,0.0001455459080581,0.066855,0.160825,2.514780012995609e-05,0.82165,600.0,3,193.0
238,618.0164001384157,0.0002999162518987,0.054535,0.160125,0.0003745415470361,0.8202499999999999,600.0,3,193.0
239,267.30064086633115,0.0007261059574351,0.063145,0.013125,2.694635332350476e-05,0.52625,600.0,3,193.0
240,45.81418867145335,0.0065313055264747,0.069865,0.291025,0.0001494514042366,1.0820500000000002,600.0,3,193.0
241,19.543394557753945,0.0012274392311584,0.063215,0.3022249999999999,0.0001657677336848,1.10445,600.0,3,193.0
242,404.5758916974429,0.0017906058540352,0.053275,0.2287249999999999,0.0053518015377128,0.95745,600.0,5,242.0
243,54.82769649208536,0.0088511560983083,0.074135,0.3403749999999999,0.0038150479427943,1.1807499999999995,600.0,3,193.0
244,248.31331052955704,0.0001140249787561,0.044595,0.161525,0.0012288531865785,0.8230500000000001,704.0,3,227.0
245,46.66593803142887,0.0007294575102545,0.088905,0.330575,2.0582588905420567e-05,1.16115,600.0,3,193.0
246,60.11737374832779,0.0010889300933334,0.060905,0.3011749999999999,3.315125698118432e-05,1.10235,600.0,3,193.0
247,179.88709151287873,0.0015739828644662,0.084355,0.1489249999999999,0.00010221155606,0.79785,600.0,3,193.0
248,35.56313185689854,0.0014028137045619,0.059645,0.228375,0.0006158855291153,0.95675,600.0,3,193.0
250,184.0772001468956,0.0016330519478943,0.057545,0.047775,0.0090469043773811,0.59555,600.0,5,242.0
251,295.80124665515467,0.004753352259428,0.092055,0.199675,0.0003694026443582,0.89935,600.0,3,193.0
252,116.6809617060963,0.0001990673338987,0.066505,0.069825,2.0725260595825723e-05,0.63965,600.0,3,193.0
253,190.98532585662383,0.0002540972705549,0.062165,0.059675,0.0002125690345217,0.61935,600.0,3,193.0
254,112.97959146727976,0.0009571940712948,0.097305,0.141575,0.0041447658403793,0.78315,600.0,3,193.0
255,12.971792709839558,0.0011142945335917,0.079105,0.028175,4.650503761666068e-05,0.55635,600.0,3,193.0
256,257.63211570025754,0.0001717908387157,0.085405,0.109025,3.885974979543936e-05,0.71805,600.0,3,193.0
257,339.62527259040854,0.0010739894123412,0.074345,0.3169249999999999,0.0081564278713278,1.1338499999999998,600.0,5,242.0
258,184.92686189780775,0.0024945947269429,0.045785,0.2931249999999999,0.0013724609610075,1.08625,686.0,3,221.0
259,130.9181922999407,0.004909078761526,0.095135,0.079975,0.0006553902858334,0.65995,600.0,3,193.0
261,22.335722228305315,0.0087700082114363,0.076795,0.349125,0.0001110452535333,1.19825,600.0,3,193.0
262,979.4899854086992,0.0004497798548932,0.077565,0.1884749999999999,0.0001484225880064,0.8769499999999999,600.0,3,193.0
263,514.0436515824259,0.0001244514611771,0.066785,0.134575,0.0001983809656836,0.76915,600.0,3,193.0
264,41.20975190973302,0.0009099132726322,0.091495,0.038675,2.346929262686464e-05,0.57735,600.0,3,193.0
265,122.17996601648724,0.0030269134281013,0.087575,0.080325,0.0014206922128601,0.66065,600.0,3,193.0
266,10.39920165829059,0.005508076964054,0.098425,0.243075,9.605058183867304e-05,0.98615,600.0,3,193.0
267,481.9477976251271,0.004008667176273,0.097235,0.238875,0.000181342667587,0.97775,600.0,3,193.0
268,860.9937521846008,0.0005636376558259,0.092755,0.2175249999999999,0.0013630130062078,0.93505,600.0,3,193.0
269,48.64072056914617,0.0015885467485977,0.043895,0.289625,0.0064938163157621,1.07925,716.0,5,289.0
270,40.83193863326921,0.0010023052380778,0.088415,0.334075,0.000118987132916,1.16815,600.0,3,193.0
271,13.963683610559375,0.0006382634861905,0.077635,0.054075,3.940034276447459e-05,0.60815,600.0,3,193.0
272,974.9896377173868,0.0033806483620598,0.084845,0.0397249999999999,0.0002231002207481,0.57945,600.0,3,193.0
274,51.40436515824259,0.0002285598803375,0.048305,0.107625,0.007989139416674,0.7152499999999999,650.0,5,263.0
275,397.1915494694405,0.0005794286964268,0.044035,0.107275,0.0003353513044505,0.71455,713.0,3,230.0
277,19.098532585662387,0.0004954501908047,0.085825,0.117775,6.173052918886834e-05,0.73555,600.0,3,193.0
278,49.31738039549359,0.0054575786109127,0.070215,0.3431749999999999,0.0026272415264688,1.18635,600.0,3,193.0
279,142.8893958511102,0.0004864072056914,0.0509649999999999,0.088725,0.0004736963081746,0.67745,616.0,3,199.0
282,305.49211132155125,0.0001221799660164,0.088835,0.181825,0.0005668915715231,0.86365,600.0,3,193.0
283,261.2161354399205,0.0003288516308759,0.099055,0.3050249999999999,0.000276375791917,1.1100499999999998,600.0,3,193.0
285,35.89219346450054,0.0013583134465871,0.0430549999999999,0.0733249999999999,0.0005908809655747,0.64665,730.0,3,235.0
286,671.4288529259522,0.0068391164728142,0.051595,0.0225749999999999,0.000208209240522,0.54515,609.0,3,196.0
287,46.451527522274944,0.0002037042077705,0.062305,0.1254749999999999,0.0019929665061647,0.75095,600.0,3,193.0
288,225.42392121524304,0.0012387965865303,0.044245,0.204575,1.8050947371315685e-05,0.90915,710.0,3,229.0
289,76.73614893618189,0.0025409727055493,0.040815,0.344925,2.0300185198596844e-05,1.18985,770.0,3,248.0
290,15.958791472367327,0.0006998419960022,0.095345,0.021175,0.0022568359954972,0.54235,600.0,3,193.0
291,490.9078761526029,0.000650129690343,0.068325,0.3078249999999999,5.4512989568891005e-05,1.11565,600.0,3,193.0
292,118.85022274370188,0.0003475361614432,0.058455,0.187425,0.0065388293000474,0.87485,600.0,5,242.0
293,167.88040181225605,0.0022438819237827,0.046065,0.162925,0.0054262525132901,0.82585,682.0,5,275.0
295,15.240527537972914,0.001849268618978,0.085125,0.201425,0.0035850894827655,0.90285,600.0,3,193.0
298,155.95525028269537,0.0052844525177518,0.052645,0.3389749999999999,0.0001008091609364,1.17795,600.0,3,193.0
299,23.60478233180577,0.0001124604973966,0.091915,0.279125,0.0003217362532695,1.05825,600.0,3,193.0
300,19.453600816226636,0.0016106456351782,0.053975,0.133875,0.0005401321147646,0.7677499999999999,600.0,3,193.0
301,172.5837891990204,0.005069907082747,0.041095,0.221375,0.0012632811038073,0.94275,764.0,3,246.0
302,31.405086938762164,0.0003539973410834,0.083515,0.2017749999999999,0.0011389377818757,0.90355,600.0,3,193.0
304,199.9861869632745,0.000180717412601,0.054745,0.273525,1.0034598491478393e-05,1.04705,600.0,3,193.0
305,44.9779854893288,0.0097948998540869,0.064265,0.2472749999999999,0.0005629891173942,0.9945499999999998,600.0,3,193.0
306,415.9106104940223,0.005559042572704,0.084495,0.0106749999999999,0.0005075747390289,0.52135,600.0,3,193.0
307,322.84941217126345,0.0001475706533275,0.069795,0.208775,0.0001669167807211,0.91755,600.0,3,193.0
308,103.5142166679344,0.0003556313185689,0.046555,0.2077249999999999,0.0004802860802396,0.91545,675.0,3,217.0
309,126.76518658578462,0.0001135010815672,0.054115,0.0544249999999999,1.3137114949600633e-05,0.60885,600.0,3,193.0
310,129.12192736135347,0.0006776415076106,0.0661549999999999,0.174125,0.0042608868358278,0.84825,600.0,3,193.0
311,11.455129414455357,0.0002648500138606,0.058665,0.2994249999999999,0.0019656219805803,1.09885,600.0,3,193.0
313,129.7179270983956,0.0003054921113215,0.078125,0.059325,6.434280649922968e-05,0.61865,600.0,3,193.0
314,98.40111057611335,0.0003622429984166,0.090375,0.2329249999999999,1.947601049942422e-05,0.96585,600.0,3,193.0
315,27.861211686297708,0.0002864177969906,0.041165,0.1856749999999999,0.0036099401358641,0.87135,763.0,3,246.0
316,10.209394837076797,0.0009015711376059,0.073645,0.1240749999999999,0.000521795104239,0.74815,600.0,3,193.0
317,421.6965034285823,0.0099311604842093,0.045085,0.208075,8.482033824524035e-05,0.91615,697.0,3,225.0
319,14.092887984218748,0.0017021585083949,0.070355,0.111825,3.503482883015712e-05,0.72365,600.0,3,193.0
321,65.31305526474723,0.0008375292821268,0.059085,0.1821749999999999,0.0041162334730276,0.86435,600.0,3,193.0
323,429.53642676488727,0.0009660508789898,0.097095,0.2917249999999999,0.0008175230379436,1.08345,600.0,3,193.0
324,24.043628000069333,0.0021527817347243,0.072805,0.1730749999999999,0.000483615264302,0.84615,600.0,3,193.0
325,360.5786430216424,0.0001279381304157,0.064615,0.2514749999999999,3.2923045333340654e-05,1.0029499999999998,600.0,3,193.0
326,792.5013304804718,0.0003459393778261,0.083585,0.288225,7.80728440137907e-05,1.07645,600.0,3,193.0
327,13.772094688939466,0.0002074913517454,0.043125,0.196525,0.0004903430227918,0.8930500000000001,728.0,3,234.0
330,49.09078761526032,0.001039920165829,0.0897449999999999,0.1720249999999999,0.0018599445632225,0.84405,600.0,3,193.0
331,696.6265141107687,0.0097498963771738,0.088485,0.083125,0.0001301667315579,0.66625,600.0,3,193.0
332,864.967918775693,0.0021330449131465,0.085755,0.040775,2.267253077145175e-05,0.58155,600.0,3,193.0
334,674.5280276979222,0.0003689775985701,0.087715,0.230475,0.0024518844538095,0.96095,600.0,3,193.0
335,153.10874616820303,0.0009749896377173,0.063355,0.096075,0.0001043518132728,0.69215,600.0,3,193.0
336,69.3425806016569,0.0065012969034309,0.069725,0.2696749999999999,1.2345253151706896e-05,1.0393499999999998,600.0,3,193.0
337,180.71741260109275,0.0030130060241861,0.097025,0.027125,0.0003930972449074,0.55425,600.0,3,193.0
338,299.916251898765,0.0040644332916521,0.052855,0.058275,0.0003568617492834,0.61655,600.0,3,193.0
339,386.36697705406937,0.0001552387009958,0.091845,0.257425,0.0002185244319653,1.01485,600.0,3,193.0
340,53.08844442309885,0.0011350108156723,0.069445,0.1828749999999999,0.00140119958494,0.86575,600.0,3,193.0
342,29.580124665515463,0.0028119008303989,0.064405,0.3043249999999999,0.0002039388659608,1.10865,600.0,3,193.0
343,11.297959146727976,0.0001216186000646,0.092895,0.175525,0.0004270709194407,0.8510500000000001,600.0,3,193.0
344,28.64177969906581,0.000214289060112,0.080155,0.323575,0.0010926976271889,1.14715,600.0,3,193.0
345,579.428696426881,0.0013899526312133,0.039975,0.151025,0.0002633297943675,0.8020499999999999,786.0,3,253.0
346,402.7170343254591,0.0009311078754678,0.045645,0.063175,4.10676639874822e-05,0.62635,688.0,3,222.0
347,12.618275345906708,0.0005874893525297,0.0604149999999999,0.3438749999999999,2.251645416744618e-05,1.18775,600.0,3,193.0
348,24.94594726942955,0.0037757219092541,0.0737849999999999,0.250425,0.0030373860919461,1.00085,600.0,3,193.0
350,148.2518085145953,0.0079615935041731,0.098775,0.328475,4.813932540001448e-05,1.15695,600.0,3,193.0
352,687.0684400142325,0.0007744617978025,0.046135,0.1751749999999999,0.0020630036673107,0.8503499999999999,681.0,3,219.0
353,334.9654391578276,0.0015595525028269,0.055025,0.3085249999999999,1.120727426136648e-05,1.11705,600.0,3,193.0
356,357.27283815192885,0.0001559552502826,0.063075,0.277025,0.0002543899793129,1.0540500000000002,600.0,3,193.0
357,325.8367010020087,0.008689604292863,0.045995,0.040425,0.0039764909647456,0.58085,683.0,3,220.0
358,460.2565735813563,0.0002084490883097,0.090795,0.222775,0.0010411181076233,0.94555,600.0,3,193.0
359,242.66100950824168,0.0006180164001384,0.059995,0.292775,0.0044411966136558,1.08555,600.0,3,193.0
360,10.939563662720936,0.0064416926551517,0.051455,0.151725,0.0001394761657639,0.80345,611.0,3,197.0
361,35.23708710424873,0.0083368118461963,0.0646849999999999,0.254275,0.0048250298005971,1.00855,600.0,3,193.0
362,84.527884516029,0.0033651156937549,0.072875,0.3473749999999999,0.0030164768731622,1.19475,600.0,3,193.0
363,268.5344445658506,0.0001981527025805,0.072245,0.100275,0.0027765148461055,0.70055,600.0,3,193.0
364,966.0508789898132,0.0013091819229994,0.087995,0.197575,0.0003307501120592,0.89515,600.0,3,193.0
365,60.673632958850526,0.0005069907082747,0.077915,0.011725,0.0002669930767129,0.52345,600.0,3,193.0
366,263.63313858253787,0.0065917389524432,0.086875,0.1947749999999999,6.215842477525223e-05,0.88955,600.0,3,193.0
367,79.61593504173187,0.0001119437883467,0.045435,0.045325,1.4876473740795033e-05,0.59065,691.0,3,223.0
368,40.45758916974427,0.0032885163087598,0.079665,0.070875,0.0008881779763192,0.64175,600.0,3,193.0
369,24.717241450161303,0.0031260793671239,0.095555,0.200375,2.4974683891541432e-05,0.90075,600.0,3,193.0
370,287.73984147356697,0.0035399734108343,0.072175,0.338625,0.0004183116886514,1.17725,600.0,3,193.0
371,16.18080037643066,0.0087297136838811,0.087155,0.2465749999999999,0.0002941033693747,0.99315,600.0,3,193.0
374,228.559880337543,0.0001049542428652,0.046275,0.3092249999999999,1.2175869928452553e-05,1.11845,679.0,3,219.0
376,20.941124558508925,0.0005533501092157,0.0446649999999999,0.071575,4.847301126243664e-05,0.64315,703.0,3,226.0
377,592.9253245799999,0.0056885293084384,0.048025,0.267925,0.0001065368863667,1.03585,654.0,3,211.0
378,65.0129690343091,0.0049317380395493,0.083935,0.272825,0.0003719632211619,1.04565,600.0,3,193.0
379,119.3988104464273,0.0026977394324449,0.062865,0.190575,4.747882909415973e-05,0.88115,600.0,3,193.0
380,523.6004365857501,0.0001832314422371,0.051945,0.164325,0.0008288959162731,0.82865,605.0,3,195.0
381,39.35500754557774,0.0025292979964461,0.084215,0.197925,0.0004869675251658,0.89585,600.0,3,193.0
382,100.69316688518045,0.0001901078279923,0.084775,0.038325,0.0016768723357485,0.57665,600.0,3,193.0
383,12.5025903021772,0.0004315190768277,0.064895,0.1247749999999999,0.0065841542994338,0.7495499999999999,600.0,5,242.0
384,206.5380155810529,0.0044977985489328,0.086315,0.2189249999999999,0.0001292706700806,0.93785,600.0,3,193.0
385,53.57966575133417,0.0001524052753797,0.092685,0.128275,2.732121443878484e-05,0.7565500000000001,600.0,3,193.0
386,656.1452663029056,0.0001183041555725,0.056985,0.0309749999999999,1.57217179246294e-05,0.56195,600.0,3,193.0
387,42.16965034285823,0.0002449063241844,0.050055,0.1233749999999999,0.0002374105422734,0.74675,628.0,3,202.0
388,10.543868963912589,0.0006067363295885,0.047605,0.019775,4.586696457982016e-05,0.53955,660.0,3,213.0
390,128.52866599436155,0.0011091748152624,0.042985,0.2112249999999999,0.0003544051302809,0.92245,731.0,3,235.0
391,32.58367010020087,0.0023173946499684,0.056215,0.229775,0.0008699614330652,0.95955,600.0,3,193.0
392,528.4452517751803,0.0004178303666466,0.089535,0.130375,0.0021355020860474,0.76075,600.0,3,193.0
393,66.22165037017622,0.0080352612218561,0.094365,0.116725,6.614545374840602e-05,0.7334499999999999,600.0,3,193.0
394,548.2769649208536,0.0079250133048047,0.088625,0.143325,0.0018988908421013,0.7866500000000001,600.0,3,193.0
396,885.1156098308356,0.0031841975217261,0.088275,0.2070249999999999,3.093855315451652e-05,0.91405,600.0,3,193.0
397,709.5777679633887,0.0007430191378967,0.080015,0.1097249999999999,5.800961725227046e-05,0.7194499999999999,600.0,3,193.0
398,11.668096170609624,0.0001618080037643,0.042565,0.131425,0.0020917029071028,0.76285,738.0,3,238.0
399,877.0008211436349,0.0001823895702319,0.066085,0.258825,1.8814817062183577e-05,1.0176500000000002,600.0,3,193.0
401,138.3566378971781,0.0017100153150902,0.040255,0.2140249999999999,3.0514060291410403e-05,0.92805,780.0,3,251.0
402,23.49632820848307,0.0008491804750363,0.079175,0.155225,0.002288231711575,0.81045,600.0,3,193.0
403,54.57578610912711,0.0003639150361272,0.061885,0.1702749999999999,8.54082847418544e-05,0.8405499999999999,600.0,3,193.0
404,495.45019080479005,0.0037583740428844,0.062235,0.2217249999999999,0.0052420360100846,0.94345,600.0,5,242.0
406,427.5628861515864,0.0006095368972401,0.0508949999999999,0.190225,4.400479478359833e-05,0.8804500000000001,617.0,3,199.0
407,27.352687263067125,0.0001640589773199,0.063495,0.152075,2.7133136521507013e-05,0.8041499999999999,600.0,3,193.0
408,15.031419660900225,0.0002275097430772,0.047395,0.300125,0.0043802611117036,1.10025,663.0,3,214.0
409,61.51768727098683,0.0026607250597988,0.046485,0.286825,0.0004241309839104,1.07365,676.0,3,218.0
410,30.97419299216581,0.0029991625189876,0.058385,0.3155249999999999,2.907367959444228e-05,1.13105,600.0,3,193.0
412,160.32453906900415,0.0012217996601648,0.042425,0.251125,0.0007577047328658,1.00225,741.0,3,239.0
414,14.893610777109156,0.0008260379495771,0.045015,0.089775,3.4554132957784846e-05,0.67955,698.0,3,225.0
415,135.20725631942778,0.0057942869642688,0.054605,0.2469249999999999,1.60509225809689e-05,0.99385,600.0,3,193.0
416,42.756288615158624,0.0003899419866765,0.094435,0.039375,0.0003023430570511,0.57875,600.0,3,193.0
417,158.8546748597779,0.0007888601176185,0.052085,0.347725,0.000144377660429,1.19545,603.0,3,194.0
419,90.99132726322516,0.0019453600816226,0.075605,0.2801749999999999,0.0003108135902739,1.06035,600.0,3,193.0
420,441.57044735331255,0.0026730064086633,0.087015,0.166425,7.438750629075672e-05,0.83285,600.0,3,193.0
421,138.9952631213354,0.0004275628861515,0.097865,0.0642249999999999,1.304667968639895e-05,0.62845,600.0,3,193.0
422,251.7676927758857,0.0010690548792226,0.079245,0.1279249999999999,0.0033689921574149,0.7558499999999999,600.0,3,193.0
423,63.53309318517436,0.0013835663789717,0.076515,0.021875,6.130557921498202e-05,0.54375,600.0,3,193.0
424,26.3633138582538,0.000321366053864,0.064755,0.145075,0.0001181680312544,0.79015,600.0,3,193.0
425,699.8419960022738,0.0001256029963694,0.076445,0.0194249999999999,0.0007269423992141,0.53885,600.0,3,193.0
426,543.250331492433,0.0006412095765851,0.089255,0.3480749999999999,3.552221184823192e-05,1.1961499999999998,600.0,3,193.0
427,166.34126503701697,0.0054325033149243,0.041235,0.153825,4.914733801992673e-05,0.80765,762.0,3,245.0
428,23.173946499684785,0.0018407720014689,0.050475,0.193025,0.0001916461062735,0.88605,622.0,3,200.0
429,207.49135174549107,0.0050933087105719,0.067835,0.240275,0.0051701125796865,0.98055,600.0,5,242.0
430,65.91738952443212,0.0003126079367123,0.055375,0.125825,0.0001015079366572,0.7516499999999999,600.0,3,193.0
431,86.8960429286302,0.0010256519262514,0.052155,0.1065749999999999,0.0023686451317841,0.71315,602.0,3,194.0
432,115.61122421920992,0.0001188502227437,0.084145,0.0880249999999999,1.920878961752017e-05,0.67605,600.0,3,193.0
433,107.3989412341245,0.0006745280276979,0.090445,0.0019249999999999,0.0083272192598524,0.50385,600.0,5,242.0
434,60.394862937638,0.0069023980384024,0.081905,0.057225,2.94781347660652e-05,0.6144499999999999,600.0,3,193.0
435,309.7419299216581,0.0023388372386593,0.081485,0.135625,0.005578276021412,0.77125,600.0,5,242.0
436,21.727011788637444,0.0095279616402365,0.089815,0.186025,0.0008639726606843,0.87205,600.0,3,193.0
437,234.96328208483072,0.003396252725904,0.057125,0.303625,4.4926232467029326e-05,1.10725,600.0,3,193.0
438,27.10191631890843,0.0025527013026612,0.080925,0.165375,2.016043970664362e-05,0.83075,600.0,3,193.0
439,47.97334486366892,0.000123879658653,0.070635,0.2343249999999999,0.0001825996749074,0.96865,600.0,3,193.0
440,133.3521432163324,0.0002223309890651,0.076305,0.3309249999999999,7.861401911481287e-05,1.1618499999999998,600.0,3,193.0
441,23.38837238659355,0.00150314196609,0.052015,0.307475,0.0012545847378579,1.11495,604.0,3,195.0
442,76.38357835776907,0.0001327394457729,0.061185,0.2406249999999999,0.0004671969511718,0.98125,600.0,3,193.0
443,216.271852372702,0.000325836701002,0.069305,0.145775,0.0005438761317204,0.79155,600.0,3,193.0
445,48.19477976251274,0.0060394862937638,0.062725,0.169925,0.0020773037255725,0.83985,600.0,3,193.0
447,51.64163692720711,0.0008892011178579,0.052925,0.1758749999999999,0.0011468325214224,0.85175,600.0,3,193.0
448,84.13951416451951,0.0005046612975635,0.067065,0.3120249999999999,0.0023200641855696,1.12405,600.0,3,193.0
449,16.710906143107078,0.0074989420933245,0.098005,0.347025,0.0001704119319315,1.1940499999999998,600.0,3,193.0
450,43.954161543782455,0.0001303166778452,0.043195,0.047075,0.0014808122552675,0.59415,727.0,3,234.0
451,69.98419960022734,0.0001267651865857,0.043685,0.117425,0.0062301714742906,0.73485,719.0,5,290.0
452,382.8247433168228,0.0003775721909254,0.095275,0.1919749999999999,2.363197399154016e-05,0.88395,600.0,3,193.0
453,227.5097430772072,0.0046025657358135,0.092265,0.125125,9.21509888734958e-05,0.75025,600.0,3,193.0
454,183.23144223712112,0.000367282300498,0.096185,0.156975,0.0006032537079266,0.81395,600.0,3,193.0
455,473.15125896148027,0.0006531305526474,0.051105,0.053375,0.0038414925917875,0.60675,615.0,3,198.0
456,44.56562483975033,0.0009931160484209,0.058315,0.001575,2.3960727497455663e-05,0.50315,600.0,3,193.0
457,18.57804455091699,0.0010543868963912,0.061115,0.113925,2.1013577690467467e-05,0.72785,600.0,3,193.0
458,500.0345349769783,0.0011455129414455,0.079035,0.2294249999999999,0.0005364138714402,0.95885,600.0,3,193.0
459,171.79083871575875,0.0012050359403717,0.044735,0.2364249999999999,0.0018858189694904,0.97285,702.0,3,226.0
460,17.25837891990204,0.0046451527522274,0.058525,0.012425,0.0002067759381919,0.52485,600.0,3,193.0
461,194.53600816226637,0.0001790605854035,0.097655,0.0103249999999999,0.0002053525026457,0.52065,600.0,3,193.0
462,74.64487584100665,0.000148936107771,0.0816949999999999,0.1496249999999999,0.0091727593538978,0.79925,600.0,5,242.0
464,25.06109253032114,0.0022961486481123,0.057055,0.1748249999999999,0.0005006105525288,0.84965,600.0,3,193.0
465,271.01916318908417,0.0001011579454259,0.056355,0.031325,2.480275937692957e-05,0.56265,600.0,3,193.0
466,79.98342550070285,0.0014689262776438,0.095625,0.176925,0.0052059500880154,0.85385,600.0,5,242.0
467,37.23917062545687,0.0004666593803142,0.069655,0.334425,2.00216562158904e-05,1.16885,600.0,3,193.0
468,509.3308710571952,0.0006934258060165,0.073015,0.251825,7.753539433595976e-05,1.00365,600.0,3,193.0
469,14.825180851459535,0.0014554590805819,0.047115,0.2675749999999999,3.832657404000344e-05,1.0351499999999998,667.0,3,215.0
470,653.1305526474723,0.0003365115693754,0.063775,0.067025,0.0011078985653742,0.63405,600.0,3,193.0
471,743.0191378967014,0.0012676518658578,0.082535,0.023625,0.0023523394933889,0.54725,600.0,3,193.0
472,290.4022654464451,0.0012618275345906,0.0662949999999999,0.061075,1.583069566706441e-05,0.62215,600.0,3,193.0
473,281.1900830398939,0.0005662392890382,0.093175,0.241675,1.3693043883912067e-05,0.98335,600.0,3,193.0
474,893.3054837332954,0.002328091257665,0.054675,0.149275,0.0006645076729077,0.79855,600.0,3,193.0
475,304.088502567628,0.0002685344445658,0.099405,0.008225,5.3027359262921433e-05,0.51645,600.0,3,193.0
476,63.82634861905489,0.0007568328950209,0.042495,0.144025,0.000240713251905,0.78805,739.0,3,238.0
477,84.91804750363139,0.0014825180851459,0.078545,0.311675,0.0003173218663836,1.1233499999999998,600.0,3,193.0
478,45.18559443749224,0.000117760597352,0.095835,0.3029249999999999,0.0015541752907715,1.1058499999999998,600.0,3,193.0
479,590.2010801718442,0.0004355118736855,0.096745,0.1468249999999999,1.638702061284634e-05,0.79365,600.0,3,193.0
480,55.59042572704037,0.0004977370849789,0.092195,0.236775,7.336687144183593e-05,0.97355,600.0,3,193.0
481,72.27698036021702,0.0003334264127632,0.085615,0.3148249999999999,0.0028346536334896,1.1296499999999998,600.0,3,193.0
482,64.12095765851615,0.0014893610777109,0.044315,0.232225,0.0034633788460827,0.96445,709.0,3,228.0
483,28.24879974915708,0.001188502227437,0.077005,0.066675,0.0038681205463305,0.63335,600.0,3,193.0
484,199.06733389871863,0.0055847019473683,0.099195,0.2500749999999999,0.0005827737747963,1.00015,600.0,3,193.0
485,16.405897731995395,0.0006683439175686,0.057755,0.0425249999999999,0.0005552646171195,0.58505,600.0,3,193.0
488,136.45831365889254,0.0080723503024883,0.041025,0.157325,6.753050539950793e-05,0.81465,766.0,3,247.0
490,158.12480392703827,0.0005902010801718,0.0739249999999999,0.1982749999999999,2.5322116352808314e-05,0.89655,600.0,3,193.0
491,142.23287871228197,0.0003169567463043,0.074205,0.327775,0.0050991759757487,1.15555,600.0,5,242.0
492,703.0723198838334,0.0016865530253887,0.094785,0.225575,0.0002920787760207,0.95115,600.0,3,193.0
493,48.41723675840994,0.0039719154946944,0.099475,0.2486749999999999,0.0048921526513441,0.99735,600.0,3,193.0
494,193.6421963946607,0.0009794899854086,0.040745,0.2759749999999999,0.0013536300906714,1.05195,771.0,3,248.0
495,52.84452517751802,0.0051880003892896,0.053695,0.0260749999999999,9.151662592812756e-05,0.55215,600.0,3,193.0
496,12.44514611771385,0.0015667510701081,0.085265,0.058975,0.0042024252767731,0.61795,600.0,3,193.0
498,16.330519478943348,0.0001757923613958,0.089045,0.2105249999999999,0.0002688437843064,0.92105,600.0,3,193.0
499,11.508003889444357,0.0005357966575133,0.078475,0.098875,1.1844043669971668e-05,0.69775,600.0,3,193.0
500,147.57065332758947,0.0006295061828571,0.091565,0.025025,0.0005747778188455,0.55005,600.0,3,193.0
501,26.24218543384442,0.0003318944575526,0.083095,0.1342249999999999,7.03882227936457e-05,0.76845,600.0,3,193.0
502,88.92011178579486,0.0030690219883911,0.073085,0.1296749999999999,0.002645452694724,0.75935,600.0,3,193.0
503,330.3695410368149,0.0004102041029866,0.065175,0.2973249999999999,0.0087397699259058,1.09465,600.0,5,242.0
505,10.690548792226576,0.0002371373705661,0.094995,0.255325,1.4174247114428096e-05,1.01065,600.0,3,193.0
506,238.23194693586916,0.0091411324147025,0.081065,0.092225,0.0044719815178875,0.68445,600.0,3,193.0
508,726.1059574351551,0.0001883649089489,0.058805,0.2661749999999999,2.0868921239143337e-05,1.03235,600.0,3,193.0
509,125.025903021772,0.0006353309318517,0.093385,0.1695749999999999,0.0002744732343478,0.83915,600.0,3,193.0
510,137.72094688939472,0.0002735268726306,0.094925,0.2308249999999999,0.0040878975211112,0.96165,600.0,3,193.0
511,274.78941531023975,0.0004436086439314,0.039485,0.072625,0.0006599332342635,0.64525,796.0,3,256.0
512,68.39116472814293,0.0015100801541641,0.097585,0.0190749999999999,0.0003065490679425,0.53815,600.0,3,193.0
513,59.292532458,0.000171001531509,0.068115,0.087325,1.7803279088537276e-05,0.67465,600.0,3,193.0
514,732.8245331389045,0.0038636697705406,0.068465,0.2098249999999999,1.3883533099290456e-05,0.91965,600.0,3,193.0
515,739.6052750582381,0.0002673006408663,0.079805,0.313075,1.5940428807122165e-05,1.12615,600.0,3,193.0
516,17.741894808901662,0.0010162486928706,0.042075,0.0754249999999999,0.0027195684860989,0.6508499999999999,747.0,3,241.0
517,50.23425895223871,0.0057676646339225,0.084705,0.113575,1.2008810730146724e-05,0.72715,600.0,3,193.0
518,833.681184619634,0.0013152248321922,0.053905,0.348425,0.0007120327999992,1.19685,600.0,3,193.0
519,116.14486138403426,0.0006714288529259,0.090515,0.036575,0.0006831247179792,0.57315,600.0,3,193.0
520,109.90058394325207,0.0023496328208483,0.095415,0.289975,0.0004300312336305,1.07995,600.0,3,193.0
521,111.42945335917304,0.0012445146117713,0.059575,0.112175,0.0081002794168035,0.72435,600.0,5,242.0
522,121.05981335504828,0.0003793149849736,0.055725,0.202475,1.350516827855038e-05,0.90495,600.0,3,193.0
523,716.143410212902,0.007430191378967,0.057405,0.0512749999999999,5.052426449401562e-05,0.60255,600.0,3,193.0
524,10.351421666793437,0.0071944897800369,0.048445,0.0334249999999999,2.4294054420204245e-05,0.56685,648.0,3,209.0
525,114.5512941445536,0.000881048873008,0.063915,0.2731749999999999,0.0036349630454608,1.04635,600.0,3,193.0
526,81.47042840208397,0.0002152781734724,0.080225,0.285425,4.6827395137359983e-05,1.07085,600.0,3,193.0
527,13.152248321922384,0.0048417236758409,0.051315,0.3487749999999999,0.0036855304185247,1.19755,612.0,3,197.0
528,21.428906011200585,0.0003523708710424,0.092545,0.0372749999999999,0.0015434764233245,0.57455,600.0,3,193.0
529,119.94993031493792,0.0093540567414755,0.082465,0.1261749999999999,0.0031878655756958,0.75235,600.0,3,193.0
530,375.8374042884443,0.0016788040181225,0.075675,0.325675,4.28055419586204e-05,1.15135,600.0,3,193.0
531,331.89445755261033,0.0002612161354399,0.080505,0.275625,0.0009067759645839,1.05125,600.0,3,193.0
532,50.69907082747044,0.0011508003889444,0.068255,0.056525,0.00052541201511,0.61305,600.0,3,193.0
533,993.1160484209336,0.0076736148936181,0.055235,0.235725,9.671637266500189e-05,0.97145,600.0,3,193.0
534,94.84184633008968,0.0021134890398366,0.055305,0.2052749999999999,0.0029750892588808,0.91055,600.0,3,193.0
535,18.238957023196384,0.0002837919028441,0.083795,0.114275,0.0009716279515771,0.72855,600.0,3,193.0
537,34.43499307633384,0.0037411058827205,0.065945,0.1485749999999999,0.0007071312006813,0.79715,600.0,3,193.0
538,12.735030810166617,0.0005236004365857,0.072455,0.2273249999999999,0.0017119851767028,0.95465,600.0,3,193.0
539,31.55004623374628,0.0094841846330089,0.056705,0.127575,6.046443513447599e-05,0.75515,600.0,3,193.0
540,121.6186000646368,0.0079983425500702,0.083725,0.035175,0.000126619326751,0.57035,600.0,3,193.0
541,201.83663636815615,0.0049773708497893,0.092825,0.068425,2.6393683223657296e-05,0.63685,600.0,3,193.0
542,12.852866599436156,0.0002773320104651,0.053555,0.1524249999999999,0.0096939326930025,0.80485,600.0,5,242.0
543,521.1947111050805,0.0006324118513762,0.053065,0.027475,3.030400297788368e-05,0.55495,600.0,3,193.0
544,83.75292821268826,0.0004753352259428,0.063985,0.048825,3.1368951301583774e-05,0.59765,600.0,3,193.0
545,23.71373705661655,0.0001840772001468,0.045225,0.1051749999999999,0.0077714131879368,0.71035,695.0,5,281.0
546,202.76827195212817,0.0029853826189179,0.090865,0.249725,0.0021062018989912,0.99945,600.0,3,193.0
547,178.23787674480891,0.0001309181922999,0.057685,0.183925,0.0001751862434208,0.86785,600.0,3,193.0
548,224.3881923782766,0.0008184647881347,0.046345,0.0418249999999999,0.0001474008540973,0.58365,678.0,3,218.0
549,36.897759857015046,0.0040271703432545,0.099825,0.105875,2.4462452760512767e-05,0.71175,600.0,3,193.0
550,632.4118513762197,0.0006266138646723,0.066645,0.244475,2.4126815325916352e-05,0.98895,600.0,3,193.0
551,538.2697825162882,0.0004083193863326,0.052995,0.304675,0.0040597566325156,1.10935,600.0,3,193.0
554,41.39996748197304,0.0002404362800006,0.075045,0.284725,0.007353599954754,1.06945,600.0,5,242.0
555,587.4893525297769,0.0013273944577297,0.042215,0.312725,1.561349037969651e-05,1.1254499999999998,744.0,3,240.0
556,17.66037820686164,0.0001035142166679,0.095065,0.0435749999999999,0.0089227761958782,0.58715,600.0,5,242.0
557,18.836490894898,0.0024378108183687,0.074275,0.229075,8.081649291125368e-05,0.95815,600.0,3,193.0
558,746.448758410067,0.0001428893958511,0.058875,0.108675,0.0011547819846894,0.7173499999999999,600.0,3,193.0
559,105.92537251772886,0.0006441692655151,0.072105,0.140525,0.0001601400648344,0.78105,600.0,3,193.0
560,58.74893525297769,0.0002506109253032,0.098635,0.068075,0.0007421641977388,0.63615,600.0,3,193.0
561,161.064563517827,0.0001073989412341,0.048375,0.219975,7.594514226678687e-05,0.93995,649.0,3,209.0
563,868.960429286302,0.001093956366272,0.060765,0.1100749999999999,0.0007370551753379,0.72015,600.0,3,193.0
564,59.84115950603199,0.0002009092812608,0.084075,0.096775,0.0024859935642282,0.69355,600.0,3,193.0
565,38.45917820453536,0.0008531001140175,0.075815,0.188125,0.0003823842536581,0.87625,600.0,3,193.0
566,37.41105882720533,0.0020558905959841,0.067555,0.093975,4.461696245809641e-05,0.6879500000000001,600.0,3,193.0
567,336.5115693754908,0.0010351421666793,0.063845,0.2945249999999999,0.0018217970730918,1.08905,600.0,3,193.0
568,20.55890595984141,0.0004560369159512,0.072665,0.0264249999999999,0.0003958220648357,0.55285,600.0,3,193.0
570,85.70378452303697,0.00419758983991,0.065735,0.2056249999999999,0.0001206424088197,0.91125,600.0,3,193.0
571,50.93308710571952,0.0014421153515248,0.048095,0.045675,0.0001240223625118,0.59135,653.0,3,210.0
572,530.8844442309885,0.0003706807217825,0.098985,0.063525,0.0010127447488145,0.62705,600.0,3,193.0
573,948.4184633008967,0.0001054386896391,0.043265,0.288925,0.0003044387990022,1.0778500000000002,726.0,3,234.0
574,28.11900830398941,0.0002786121168629,0.046625,0.076475,4.618489918952492e-05,0.65295,674.0,3,217.0
575,389.9419866765436,0.0001694337800447,0.094085,0.238175,1.5293257464187784e-05,0.97635,600.0,3,193.0
576,29.991625189876515,0.0007673614893618,0.056775,0.060025,0.0001157444032092,0.62005,600.0,3,193.0
577,55.84701947368306,0.0020749135174549,0.040045,0.119175,0.0015649483192248,0.7383500000000001,785.0,3,253.0
578,177.41894808901662,0.0017258378919902,0.080435,0.0845249999999999,0.0025380489859637,0.6690499999999999,600.0,3,193.0
579,11.350108156723149,0.0005610479760324,0.098705,0.0043749999999999,0.0043201616761814,0.50875,600.0,3,193.0
580,328.8516308759829,0.0084527884516029,0.041585,0.100625,0.0012119926887749,0.70125,755.0,3,243.0
582,571.4786366718672,0.0088104887300801,0.068395,0.0624749999999999,7.542233958475699e-05,0.62495,600.0,3,193.0
583,19.27524913190937,0.0004375221051582,0.047465,0.018375,0.0004125722371167,0.53675,662.0,3,213.0
584,42.55984131337431,0.0043954161543782,0.052575,0.105525,0.0007169683755804,0.71105,600.0,3,193.0
585,939.7233105646376,0.0057411646220732,0.093245,0.287875,0.0093003651475396,1.07575,600.0,5,242.0
586,36.5594791613125,0.0003026913428101,0.0508249999999999,0.159075,4.251087068046155e-05,0.8181499999999999,618.0,3,199.0
587,164.05897731995387,0.0011194378834671,0.051805,0.2476249999999999,0.000985144642804,0.99525,606.0,3,195.0
588,32.88516308759829,0.0096161227838366,0.056845,0.265825,1.128495937527762e-05,1.03165,600.0,3,193.0
589,931.10787546783,0.0070631755426296,0.095765,0.244825,1.2867672530296712e-05,0.98965,600.0,3,193.0
590,506.9907082747045,0.000121059813355,0.084635,0.264775,0.0072527047809124,1.02955,600.0,5,242.0
591,729.4575102545687,0.0019998618696327,0.048655,0.1559249999999999,5.413772478826871e-05,0.81185,646.0,3,208.0
592,30.54921113215512,0.0002162718523727,0.077215,0.3274249999999999,0.002435005799952,1.15485,600.0,3,193.0
593,99.31160484209336,0.0020844908830972,0.096955,0.263725,0.0006974289968817,1.02745,600.0,3,193.0
594,11.614486138403429,0.0010592537251772,0.065035,0.140875,3.479365076490943e-05,0.78175,600.0,3,193.0
595,167.1090614310707,0.0002202926463053,0.076235,0.139475,1.0752266003927267e-05,0.77895,600.0,3,193.0
596,38.815036599064825,0.0002103778439766,0.061465,0.177625,0.0001764005764476,0.8552500000000001,600.0,3,193.0
597,32.13660538640318,0.0007603262769401,0.066575,0.217875,2.175204034019525e-05,0.93575,600.0,3,193.0
598,456.0369159512964,0.0010990058394325,0.069025,0.215775,0.0005182030920072,0.93155,600.0,3,193.0
599,179.06058540352947,0.0043551187368556,0.094225,0.2959249999999999,0.0068627787841147,1.09185,600.0,5,242.0
600,23.28091257665008,0.0075683289502097,0.068535,0.270025,0.0071531939407533,1.04005,600.0,5,242.0
601,89.74287945007487,0.0001039920165829,0.097375,0.091525,8.719669012870742e-05,0.6830499999999999,600.0,3,193.0
602,20.09092812608728,0.0002904022654464,0.045155,0.2238249999999999,1.4979592530448784e-05,0.94765,696.0,3,224.0
604,76.03262769401819,0.0002172701178863,0.072525,0.057575,0.0004971643737252,0.61515,600.0,3,193.0
605,42.95364267648873,0.0033189445755261,0.087435,0.323225,0.0001646265966328,1.14645,600.0,3,193.0
606,18.15515662773135,0.0050234258952238,0.091985,0.2654749999999999,0.001026833431668,1.0309499999999998,600.0,3,193.0
607,466.6593803142887,0.0086496791877569,0.078755,0.1548749999999999,0.0007843321188819,0.80975,600.0,3,193.0
610,15.88546748597779,0.0001002305238077,0.097935,0.256025,0.0019253070450776,1.01205,600.0,3,193.0
611,70.6317554262962,0.0002958012466551,0.067345,0.137725,7.647156884388341e-05,0.77545,600.0,3,193.0
612,14.35489433353656,0.0072276980360217,0.083165,0.3368749999999999,0.006815535747267,1.1737499999999998,600.0,5,242.0
614,37.0680721782576,0.0007498942093324,0.056075,0.1114749999999999,0.0013819744059012,0.72295,600.0,3,193.0
616,113.50108156723157,0.0015170503674593,0.098075,0.014875,0.0009386420366721,0.5297499999999999,600.0,3,193.0
617,86.49679187756934,0.0005382697825162,0.092965,0.0134749999999999,1.4471048530949276e-05,0.52695,600.0,3,193.0
618,149.6235656094433,0.000219280493535,0.050685,0.320075,0.0004041103745134,1.14015,620.0,3,200.0
619,46.23810213992604,0.0050466129756352,0.098495,0.145425,0.0006244533502805,0.79085,600.0,3,193.0
620,277.3320104651841,0.000206538015581,0.074485,0.3218249999999999,3.180533688329524e-05,1.14365,600.0,3,193.0
621,21.52781734724373,0.0010209394837076,0.040535,0.1289749999999999,3.2025800946290254e-05,0.7579499999999999,775.0,3,250.0
622,125.60299636948754,0.0001510080154164,0.045505,0.195125,0.0053888984537328,0.89025,690.0,5,279.0
623,111.94378834671514,0.0025061092530321,0.039905,0.3008249999999999,0.0002860882360627,1.1016499999999998,787.0,3,253.0
624,468.81338214526505,0.0001333521432163,0.062375,0.118825,6.894455931709223e-05,0.73765,600.0,3,193.0
625,95.7194071294844,0.0039902490236214,0.088345,0.324625,0.0002615170448137,1.14925,600.0,3,193.0
626,425.5984131337431,0.0009268298233793,0.046975,0.2441249999999999,0.0073029781287336,0.98825,669.0,5,270.0
627,881.0488730080137,0.0014354894333536,0.093595,0.299775,0.0002961419965394,1.09955,600.0,3,193.0
628,16.865530253887414,0.0006011737374832,0.039555,0.035875,0.0015757960227439,0.57175,794.0,3,256.0
629,33.65115693754908,0.0074644875841006,0.050265,0.147525,0.0037627035226776,0.79505,625.0,3,201.0
630,18.663796908346693,0.0062950618285719,0.075745,0.065275,9.80618314321972e-05,0.6305499999999999,600.0,3,193.0
632,44.157044735331255,0.0004139996748197,0.098915,0.099925,2.298793709264016e-05,0.69985,600.0,3,193.0
633,15.667510701081492,0.0013335214321633,0.045365,0.342825,0.0002579288964427,1.18565,693.0,3,223.0
634,64.41692655151775,0.0022335722228305,0.083655,0.293475,0.0031224824062232,1.08695,600.0,3,193.0
636,26.6072505979881,0.0054075432294558,0.097445,0.091875,0.0048584753093749,0.68375,600.0,3,193.0
637,114.02497875611684,0.0015452544395384,0.058105,0.068775,0.0012036493897912,0.6375500000000001,600.0,3,193.0
638,286.417796990658,0.0008609937521846,0.074555,0.064575,0.000421211286754,0.62915,600.0,3,193.0
639,641.2095765851615,0.0005407543229455,0.096675,0.025375,3.754049544720844e-05,0.55075,600.0,3,193.0
640,244.90632418447467,0.000104472021922,0.084285,0.0691249999999999,0.0007629568911615,0.63825,600.0,3,193.0
641,18.74994508067419,0.0085703784523036,0.091285,0.0659749999999999,8.659643233600654e-05,0.63195,600.0,3,193.0
642,11.776059735208072,0.0020183663636815,0.056495,0.166775,2.789330656339983e-05,0.83355,600.0,3,193.0
644,82.98507675144225,0.0001083926914021,0.096395,0.1863749999999999,3.859224115947292e-05,0.8727499999999999,600.0,3,193.0
645,749.8942093324558,0.0036057864302164,0.059715,0.090475,3.247132421678023e-05,0.6809499999999999,600.0,3,193.0
646,14.421153515248688,0.00325836701002,0.049495,0.331975,1.508342610540479e-05,1.16395,635.0,3,205.0
647,174.18068733916147,0.0006807693586937,0.084425,0.153475,0.000171593171012,0.8069500000000001,600.0,3,193.0
648,236.04782331805785,0.0009354056741475,0.0977949999999999,0.2021249999999999,1.1521260598258064e-05,0.90425,600.0,3,193.0
649,130.31667784523,0.0008035261221856,0.061955,0.167825,0.0053149599950664,0.83565,600.0,5,242.0
650,22.23309890651403,0.0016710906143107,0.047255,0.2976749999999999,0.0005146358070137,1.0953499999999998,665.0,3,214.0
651,540.754322945581,0.0004027170343254,0.040185,0.226975,0.0001274970099943,0.95395,782.0,3,252.0
652,33.49654391578276,0.0003411929116219,0.078335,0.164675,0.0001125900468894,0.82935,600.0,3,193.0
653,306.90219883911584,0.0047973344863668,0.062445,0.2626749999999999,0.0009516998481129,1.02535,600.0,3,193.0
655,78.88601176185544,0.0033496543915782,0.048795,0.1037749999999999,0.0001692388244436,0.70755,644.0,3,208.0
656,778.0365510398041,0.0018323144223712,0.040115,0.049175,0.0010556015032159,0.59835,783.0,3,252.0
657,470.97732639695295,0.0001741806873391,0.060975,0.324975,0.0047588279098881,1.14995,600.0,3,193.0
659,283.7919028441555,0.0016255487557504,0.074695,0.1737749999999999,0.0031009873885323,0.84755,600.0,3,193.0
660,54.0754322945581,0.0043351087838752,0.0658749999999999,0.119525,1.6846124267740494e-05,0.73905,600.0,3,193.0
661,25.88212915153092,0.0021037784397664,0.058035,0.1576749999999999,0.0020067810900181,0.81535,600.0,3,193.0
662,34.753616144320574,0.0024717241450161,0.049425,0.349475,0.0041734959846531,1.19895,636.0,3,205.0
663,10.447202192207998,0.0002564484036517,0.052715,0.0523249999999999,0.0043501076063069,0.60465,600.0,3,193.0
664,677.641507610675,0.0008298507675144,0.078685,0.006475,7.387542629936365e-05,0.51295,600.0,3,193.0
666,10.303861204416158,0.0053579665751334,0.091215,0.131775,0.0009988493699365,0.76355,600.0,3,193.0
667,43.151907682776525,0.0001233104833228,0.085895,0.339325,0.0005327212243229,1.17865,600.0,3,193.0
668,609.5368972401693,0.0007396052750582,0.071755,0.316225,0.002225871044793,1.13245,600.0,3,193.0
669,15.523870099580824,0.0008689604292863,0.090585,0.090125,0.0001095216555366,0.68025,600.0,3,193.0
670,665.2731562017412,0.006067363295885,0.089325,0.328825,0.0023040929760558,1.1576499999999998,600.0,3,193.0
671,29.04022654464451,0.0028773984147356,0.057895,0.1765749999999999,0.0052783720678157,0.85315,600.0,5,242.0
672,18.92343618644976,0.0041399967481973,0.056145,0.223475,0.0016884958594867,0.94695,600.0,3,193.0
673,32.284941217126345,0.0019010782799232,0.075955,0.2252249999999999,6.846994830911328e-05,0.95045,600.0,3,193.0
674,146.89262776438662,0.0001025651926251,0.091705,0.2633749999999999,0.0060186626289957,1.0267499999999998,600.0,5,242.0
675,638.263486190549,0.0007328245331389,0.040325,0.1685249999999999,0.0058546373632057,0.83705,779.0,5,314.0
676,189.2343618644976,0.0001422328787122,0.086245,0.048125,0.0012203938207443,0.59625,600.0,3,193.0
677,204.6444636724674,0.0067452802769792,0.065525,0.2850749999999999,0.0011002718452957,1.07015,600.0,3,193.0
678,278.61211686297696,0.0045603691595129,0.082185,0.0848749999999999,0.000340016505804,0.66975,600.0,3,193.0
679,37.7572190925416,0.0009225714271547,0.079595,0.345975,0.0009193904748039,1.1919499999999998,600.0,3,193.0
680,57.67664633922509,0.0002415460834444,0.046905,0.077175,2.6760855931993334e-05,0.65435,670.0,3,216.0
682,77.8036551039804,0.0019543394557753,0.051175,0.287525,1.0174193661806057e-05,1.07505,614.0,3,198.0
684,10.592537251772889,0.0044771330417636,0.068605,0.120225,1.792668552365527e-05,0.74045,600.0,3,193.0
685,722.7698036021702,0.0059292532458,0.059155,0.118125,0.0001029200527194,0.73625,600.0,3,193.0
686,344.3499307633384,0.000516416369272,0.080085,0.095725,0.0001356750530299,0.69145,600.0,3,193.0
687,214.28906011200584,0.0004775292736576,0.073365,0.167125,0.0011310973893337,0.8342499999999999,600.0,3,193.0
688,10.739894123412446,0.0063533093185174,0.069095,0.254625,9.473271845042489e-05,1.00925,600.0,3,193.0
689,21.33044913146576,0.0001370881766164,0.086735,0.3099249999999999,0.006675749009643,1.11985,600.0,5,242.0
690,195.43394557753945,0.0005333348954876,0.0851949999999999,0.1954749999999999,1.907655723990068e-05,0.8909499999999999,600.0,3,193.0
691,68.07693586937414,0.0002393315756405,0.071055,0.095375,0.0001058034915996,0.69075,600.0,3,193.0
692,98.8553094656939,0.0095719407129484,0.077355,0.256725,0.0004360135640003,1.01345,600.0,3,193.0
693,16.634126503701697,0.000172583789199,0.069585,0.110425,0.0001970153207216,0.72085,600.0,3,193.0
695,246.03676041476277,0.0058748935252977,0.086385,0.0519749999999999,4.310225580049957e-05,0.60395,600.0,3,193.0
696,706.3175542629623,0.0026121613543992,0.055585,0.181125,8.194076231802779e-05,0.86225,600.0,3,193.0
697,449.779854893288,0.0025644840365177,0.092125,0.0785749999999999,0.0002457536631215,0.65715,600.0,3,193.0
698,63.24118513762197,0.0026485001386067,0.059505,0.303975,0.0002262038539769,1.10795,600.0,3,193.0
699,16.255487557504843,0.0003605786430216,0.076025,0.285775,0.0037110772949292,1.07155,600.0,3,193.0
700,841.3951416451947,0.0063241185137621,0.0709849999999999,0.024325,6.258928639214407e-05,0.54865,600.0,3,193.0
701,17.338039977541374,0.0003491403154785,0.039765,0.075775,4.9831045597052926e-05,0.65155,790.0,3,254.0
703,186.6379690834669,0.0001782378767448,0.053835,0.209475,0.0055398754393859,0.91895,600.0,5,242.0
705,922.5714271547628,0.0005023425895223,0.071405,0.033075,0.0012897335578987,0.56615,600.0,3,193.0
706,690.239803840242,0.0002426610095082,0.070145,0.009625,0.0001347410725344,0.51925,600.0,3,193.0
707,106.41430182243164,0.0073960527505823,0.074625,0.0460249999999999,0.0004482290499966,0.59205,600.0,3,193.0
708,71.94489780036994,0.0018663796908346,0.083445,0.3375749999999999,0.0017478332624182,1.17515,600.0,3,193.0
709,19.010782799232995,0.0012560299636948,0.053205,0.248325,1.6274213156422343e-05,0.99665,600.0,3,193.0
710,504.6612975635282,0.0089330548373329,0.048165,0.0341249999999999,0.000628781854118,0.56825,652.0,3,210.0
711,901.571137605957,0.0006151768727098,0.064125,0.1034249999999999,0.0013350575895623,0.70685,600.0,3,193.0
712,11.561122421920986,0.001552387009958,0.054255,0.0306249999999999,0.0042904218923888,0.56125,600.0,3,193.0
713,27.227013080779127,0.0062373483548241,0.064475,0.040075,0.0001800943134441,0.5801499999999999,600.0,3,193.0
714,173.38039977541374,0.0091833259648358,0.040465,0.313775,0.0019792470212375,1.12755,776.0,3,250.0
715,16.032453906900418,0.0006123503917247,0.047325,0.279825,2.1305905675427253e-05,1.05965,664.0,3,214.0
717,38.282474331682266,0.0024266100950824,0.084915,0.2378249999999999,0.0064047178156934,0.97565,600.0,5,242.0
719,13.83566378971781,0.0001069054879222,0.080365,0.226275,0.0003330427623087,0.95255,600.0,3,193.0
720,62.37348354824192,0.0028641779699065,0.081625,0.0876749999999999,0.0046935343431719,0.67535,600.0,3,193.0
721,37.58374042884443,0.0002055890595984,0.057475,0.1891749999999999,0.0098287887300003,0.87835,600.0,5,242.0
722,21.928049353504484,0.000223357222283,0.067765,0.135275,0.0011789625232437,0.7705500000000001,600.0,3,193.0
723,17.02158508394951,0.0008570378452303,0.089395,0.306775,1.0826797151273006e-05,1.11355,600.0,3,193.0
724,595.6621435290103,0.0008649679187756,0.089675,0.0537249999999999,3.3612436904705376e-05,0.60745,600.0,3,193.0
725,112.46049739669267,0.0034914031547858,0.059365,0.2619749999999999,0.0002246466775991,1.02395,600.0,3,193.0
726,31.98895109691397,0.0002182729911843,0.092475,0.2924249999999999,0.0029546088884793,1.08485,600.0,3,193.0
727,123.31048332289096,0.0021232444620002,0.093875,0.286125,0.0006691138200458,1.07225,600.0,3,193.0
728,101.15794542598982,0.0059020108017184,0.069375,0.0257249999999999,0.0040040546833054,0.55145,600.0,3,193.0
729,406.44332916521273,0.000419758983991,0.057335,0.222075,2.567438208106132e-05,0.94415,600.0,3,193.0
730,86.09937521846008,0.0072610595743515,0.074835,0.172725,0.0007319813231998,0.84545,600.0,3,193.0
731,312.6079367123956,0.0084139514164519,0.0707049999999999,0.2119249999999999,1.97469487940933e-05,0.92385,600.0,3,193.0
732,73.6207097494736,0.0001129795914672,0.099685,0.081025,0.0006201546436537,0.66205,600.0,3,193.0
733,108.3926914021204,0.0029580124665515,0.044455,0.211575,2.1453591158157093e-05,0.92315,707.0,3,228.0
734,997.7000638225536,0.0005984115950603,0.091635,0.0862749999999999,0.0021652098793079,0.67255,600.0,3,193.0
735,71.28530301265195,0.0002552701302661,0.040395,0.191625,3.6770539337821496e-05,0.8832500000000001,778.0,3,250.0
736,13.212956341865752,0.0006966265141107,0.054955,0.2301249999999999,0.0075596206033892,0.96025,600.0,5,242.0
737,970.50996724549,0.0070957776796338,0.039835,0.2724749999999999,0.0008007556285067,1.04495,789.0,3,254.0
738,308.3187950249353,0.0005284452517751,0.042705,0.315875,0.0014604947494416,1.13175,736.0,3,237.0
739,13.09181922999407,0.0013212956341865,0.040885,0.1146249999999999,0.0003985657723134,0.72925,768.0,3,247.0
740,372.3917062545687,0.0002437810818368,0.054395,0.2987249999999999,0.0074558987202778,1.0974499999999998,600.0,5,242.0
741,164.81623915255085,0.0030408850256762,0.055445,0.238525,0.0033227678521107,0.97705,600.0,3,193.0
742,518.8000389289609,0.0006870684400142,0.054325,0.088375,1.6162182261066125e-05,0.67675,600.0,3,193.0
744,493.1738039549359,0.000167109061431,0.053415,0.077875,1.2516992730317256e-05,0.65575,600.0,3,193.0
745,289.0679882365475,0.0011668096170609,0.072735,0.1842749999999999,0.0019120533246045,0.8685499999999999,600.0,3,193.0
747,282.48799749157075,0.0011246049739669,0.081765,0.3410749999999999,2.8477378001737484e-05,1.18215,600.0,3,193.0
749,174.98466886246564,0.0069662651411076,0.067135,0.150325,0.000124882044459,0.80065,600.0,3,193.0
750,222.3309890651403,0.000484172367584,0.050405,0.122325,0.0029140701347708,0.74465,623.0,3,201.0
751,39.17418771077831,0.0007362070974947,0.061605,0.120575,2.28296892467918e-05,0.74115,600.0,3,193.0
752,439.5416154378248,0.0041591061049402,0.070285,0.296975,1.7559008941991457e-05,1.09395,600.0,3,193.0
754,11.830415557251646,0.0098855309465693,0.041795,0.321125,0.0004769798141192,1.14225,752.0,3,242.0
755,217.27011788637452,0.0004709773263969,0.066715,0.079625,0.0072027775123834,0.65925,600.0,5,242.0
756,431.5190768277655,0.000799834255007,0.069935,0.0138249999999999,0.0001404429683577,0.52765,600.0,3,193.0
757,60.95368972401694,0.0001321295634186,0.049565,0.3260249999999999,0.0003519654225247,1.15205,634.0,3,204.0
758,150.31419660900224,0.0047097732639695,0.055795,0.278775,6.799860450033216e-05,1.05755,600.0,3,193.0
759,774.4617978025192,0.001981527025805,0.080995,0.242025,3.2696404683430524e-05,0.98405,600.0,3,193.0
761,26.001595631652723,0.0022233098906514,0.099265,0.1044749999999999,0.0002782915373852,0.70895,600.0,3,193.0
763,43.35108783875289,0.0001345860354055,0.098355,0.134925,0.0001141563304618,0.7698499999999999,600.0,3,193.0
764,926.8298233793496,0.0082224264994707,0.045715,0.242725,0.0035359002110038,0.98545,687.0,3,221.0
765,53.33348954876208,0.000150314196609,0.092615,0.188825,0.0002880713049775,0.87765,600.0,3,193.0
766,952.796164023652,0.0003953666200681,0.048585,0.282275,0.0006116458029546,1.06455,647.0,3,208.0
767,57.41164622073274,0.0048194779762512,0.086525,0.082075,0.0001623678350482,0.66415,600.0,3,193.0
769,20.749135174549096,0.00074644875841,0.080785,0.308175,0.0008346415482773,1.11635,600.0,3,193.0
770,97.05099672454898,0.0038459178204535,0.043475,0.310625,0.0001149476243419,1.12125,723.0,3,233.0
771,163.30519478943347,0.0001678804018122,0.045855,0.260925,0.0049602092739597,1.02185,685.0,3,221.0
772,52.60172663907063,0.0082603794957717,0.053485,0.083475,0.003232213203396,0.66695,600.0,3,193.0
773,43.752210515825205,0.0001150800388944,0.055865,0.282975,2.808665372767918e-05,1.06595,600.0,3,193.0
774,39.71915494694403,0.0077446179780251,0.076865,0.0152249999999999,6.0048200890754645e-05,0.53045,600.0,3,193.0
775,40.08667176273028,0.0006237348354824,0.061745,0.290325,3.6266028624488753e-05,1.08065,600.0,3,193.0
776,14.68926277643867,0.0002660725059798,0.071825,0.1772749999999999,1.550600786794246e-05,0.8545499999999999,600.0,3,193.0
777,127.35030810166616,0.0002382319469358,0.0477449999999999,0.141925,0.0006508786108404,0.7838499999999999,658.0,3,212.0
778,13.708817661648537,0.0001798870915128,0.059855,0.3435249999999999,0.0001864232178252,1.18705,600.0,3,193.0
779,171.0015315090288,0.0010789467222298,0.072315,0.212975,0.0070550484405065,0.92595,600.0,5,242.0
780,16.788040181225607,0.0053826978251628,0.071545,0.271775,0.007404572674509,1.04355,600.0,5,242.0
781,141.57937799570823,0.0076032627694018,0.051035,0.2315249999999999,0.0091096145226591,0.96305,616.0,5,249.0
784,200.9092812608728,0.0062086903423006,0.094575,0.284025,0.0085015869318743,1.06805,600.0,5,242.0
785,24.378108183687527,0.0044360864393143,0.040955,0.002975,0.0056950822412793,0.50595,767.0,5,310.0
786,88.51156098308356,0.0045185594437492,0.049075,0.029925,0.0047260683689833,0.55985,640.0,3,206.0
787,137.08817661648536,0.0002133044913146,0.096255,0.196175,0.0067220230911156,0.89235,600.0,5,242.0
790,132.73944577297402,0.0001482518085145,0.083025,0.264425,0.0003151374380204,1.02885,600.0,3,193.0
792,255.2701302661247,0.0004819477976251,0.094855,0.029575,8.600030668888555e-05,0.55915,600.0,3,193.0
793,11.994993031493788,0.0002747894153102,0.049915,0.133175,0.0008118952489356,0.76635,629.0,3,203.0
794,87.29713683881117,0.0069984199600227,0.077985,0.014175,0.0013167399127216,0.52835,600.0,3,193.0
795,18.492686189780777,0.001156112242192,0.066225,0.0736749999999999,5.087448196446912e-05,0.64735,600.0,3,193.0
796,17.498466886246565,0.0003396252725904,0.065805,0.0075249999999999,0.0006331403617108,0.51505,600.0,3,193.0
797,453.9416166502032,0.000116680961706,0.042845,0.114975,0.0018471407949096,0.72995,733.0,3,236.0
798,107.89467222298286,0.0014621771744567,0.065105,0.140175,2.379578300956397e-05,0.78035,600.0,3,193.0
801,45.39416166502032,0.0003228494121712,0.063635,0.1713249999999999,0.0016424796596746,0.8426499999999999,600.0,3,193.0
802,122.74392311584072,0.0058479008414448,0.049355,0.000525,0.000641948221508,0.50105,637.0,3,205.0
803,47.31512589614805,0.004539416166502,0.053345,0.266525,3.115300895973758e-05,1.03305,600.0,3,193.0
804,14.157937799570815,0.0005767664633922,0.073995,0.003325,1.1601122161480533e-05,0.50665,600.0,3,193.0
805,143.5489433353656,0.000177418948089,0.063005,0.170625,0.0011953635256737,0.84125,600.0,3,193.0
806,412.0975190973304,0.0001857804455091,0.042355,0.2941749999999999,1.8302061063110567e-05,1.08835,742.0,3,239.0
807,109.3956366272094,0.0004797334486366,0.068745,0.0614249999999999,0.000328473244303,0.62285,600.0,3,193.0
808,319.88951096913974,0.003639150361272,0.071685,0.237475,0.0051345217750296,0.97495,600.0,5,242.0
809,683.9116472814293,0.0002517676927758,0.049005,0.242375,0.0025205771796391,0.98475,641.0,3,207.0
810,545.757861091271,0.0001733803997754,0.090725,0.215075,0.0097611278243021,0.93015,600.0,5,242.0
811,475.3352259428054,0.000374110588272,0.092335,0.160475,0.0039491169934897,0.8209500000000001,600.0,3,193.0
812,845.27884516029,0.0003111716337106,0.077705,0.152775,0.003345800178533,0.80555,600.0,3,193.0
813,56.10479760324706,0.0002636331385825,0.099125,0.1307249999999999,0.0001087677137631,0.76145,600.0,3,193.0
815,75.33555637337174,0.0040831938633269,0.041305,0.021525,8.840971692004963e-05,0.54305,761.0,3,245.0
816,10.889300933334331,0.0005559042572704,0.084565,0.2563749999999999,0.0003850348146786,1.01275,600.0,3,193.0
817,462.3810213992604,0.0034434993076333,0.072595,0.0428749999999999,0.0079341425677712,0.58575,600.0,5,242.0
818,13.33521432163324,0.0009840111057611,0.061815,0.144375,7.186211583804586e-05,0.7887500000000001,600.0,3,193.0
819,252.9297996446145,0.0032734069487883,0.077845,0.182525,0.006958249547006,0.8650500000000001,600.0,5,242.0
820,77.090346906443,0.0001496235656094,0.094715,0.3134249999999999,4.13523314347606e-05,1.12685,600.0,3,193.0
821,33.80648362059815,0.0051641636927207,0.068185,0.167475,9.408058300365884e-05,0.8349500000000001,600.0,3,193.0
822,23.823194693586903,0.0003845917820453,0.0415149999999999,0.055475,0.0002025349606824,0.61095,757.0,3,244.0
823,61.80164001384158,0.0011939881044642,0.040675,0.1471749999999999,0.0014706184154045,0.7943499999999999,772.0,3,249.0
824,29.716660317380267,0.0016634126503701,0.065665,0.1800749999999999,0.0007897688493998,0.86015,600.0,3,193.0
825,38.1065823393773,0.0003349654391578,0.045295,0.299075,2.330773115282636e-05,1.09815,694.0,3,224.0
826,67.7641507610675,0.0001633051947894,0.078965,0.220675,0.0001579428607738,0.94135,600.0,3,193.0
829,799.8342550070284,0.0005688529308438,0.050195,0.2049249999999999,0.0002597167741402,0.90985,626.0,3,202.0
831,34.59393778261221,0.0078162780458833,0.043825,0.017325,0.0027008471083246,0.53465,717.0,3,231.0
832,35.399734108343466,0.0001291219273613,0.069165,0.309575,0.0057345586654596,1.11915,600.0,5,242.0
833,14.223287871228198,0.006561452663029,0.049215,0.128625,0.0010197647600447,0.75725,638.0,3,206.0
834,451.8559443749226,0.0023933157564053,0.072945,0.3204249999999999,0.0012808550945362,1.14085,600.0,3,193.0
835,447.7133041763628,0.0025176769277588,0.041935,0.337225,0.0063168417928751,1.17445,749.0,5,302.0
836,20.276827195212817,0.0030831879502493,0.082255,0.0911749999999999,1.0104155005282136e-05,0.68235,600.0,3,193.0
837,22.54239212152429,0.0009141132414702,0.060835,0.2413249999999999,0.0001890166231186,0.98265,600.0,3,193.0
838,145.54590805819657,0.0001815515662773,0.088065,0.194425,0.0002341531475169,0.88885,600.0,3,193.0
839,148.93610777109154,0.0048640720569146,0.081135,0.3190249999999999,5.527134079444345e-05,1.1380499999999998,600.0,3,193.0
840,249.4594726942956,0.0009705099672454,0.073855,0.1244249999999999,5.489085556070442e-05,0.74885,600.0,3,193.0
841,41.59106104940221,0.0001273503081016,0.060065,0.1069249999999999,0.0024015962678856,0.71385,600.0,3,193.0
842,29.44421633798762,0.0002624218543384,0.088205,0.168875,0.0012986735638291,0.83775,600.0,3,193.0
844,17.579236139586932,0.0018071741260109,0.095205,0.058625,0.0013258671177605,0.61725,600.0,3,193.0
845,849.1804750363135,0.0002576321157002,0.082745,0.047425,1.6614986777666574e-05,0.59485,600.0,3,193.0
846,293.0893245250321,0.0027989813196343,0.078825,0.142625,0.0010339511009823,0.78525,600.0,3,193.0
847,48.86523593428336,0.0058210321777087,0.085965,0.002275,0.0002651551093009,0.50455,600.0,3,193.0
848,736.2070974947361,0.0015812480392703,0.082395,0.3295249999999999,1.988382810396749e-05,1.15905,600.0,3,193.0
849,988.553094656939,0.0001686553025388,0.080295,0.072275,0.0045656225020223,0.64455,600.0,3,193.0
850,20.46444636724674,0.002162718523727,0.056285,0.0673749999999999,0.0096272001297331,0.6347499999999999,600.0,5,242.0
851,316.956746304349,0.0003990249023621,0.097515,0.1132249999999999,0.0034395371138063,0.72645,600.0,3,193.0
852,92.68298233793494,0.00230674718872,0.066995,0.2028249999999999,0.0017358012628714,0.9056499999999998,600.0,3,193.0
853,140.92887984218748,0.0013520725631942,0.047185,0.199325,6.990367367619771e-05,0.8986500000000001,666.0,3,215.0
854,39.53666200681279,0.0077090346906443,0.094155,0.335825,0.0001050751454865,1.17165,600.0,3,193.0
855,22.02926463053456,0.0053333489548762,0.059225,0.316575,0.0009783629547845,1.13315,600.0,3,193.0
856,14.028137045619582,0.0007161434102129,0.085685,0.344225,0.0001102808233849,1.18845,600.0,3,193.0
858,668.3439175686149,0.0012502590302177,0.059925,0.193375,9.026097074709749e-05,0.8867499999999999,600.0,3,193.0
859,151.00801541641476,0.0014092887984218,0.069515,0.345625,0.0003471362758876,1.19125,600.0,3,193.0
860,62.66138646723356,0.0061517687270986,0.055165,0.289275,0.0006784221204982,1.07855,600.0,3,193.0
861,181.5515662773135,0.0004395416154378,0.099335,0.335125,5.339492735741767e-05,1.17025,600.0,3,193.0
862,51.88000389289609,0.0004645152752227,0.074905,0.1786749999999999,0.0004069115338091,0.85735,600.0,3,193.0
863,34.91403154785863,0.0042364296604954,0.093315,0.048475,0.0025032256483831,0.59695,600.0,3,193.0
864,399.024902362142,0.0007227698036021,0.082045,0.095025,0.0001590376683822,0.69005,600.0,3,193.0
865,479.7334486366892,0.0007709034690644,0.097725,0.054775,0.0093648321989432,0.60955,600.0,5,242.0
867,16.106456351782708,0.0042559841313374,0.057965,0.216475,0.0027384196342643,0.93295,600.0,3,193.0
868,56.88529308438413,0.0046238102139926,0.072385,0.041475,0.0001727825980507,0.58295,600.0,3,193.0
869,13.583134465871542,0.003475361614432,0.052225,0.2224249999999999,2.8281341110474752e-05,0.94485,602.0,3,194.0
870,272.27013080779125,0.0064120957658516,0.043965,0.1163749999999999,3.702542054001352e-05,0.73275,715.0,3,230.0
871,435.5118736855688,0.0001285286659943,0.047535,0.1912749999999999,2.2207516834507533e-05,0.88255,661.0,3,213.0
872,17.418068733916144,0.00358921934645,0.060345,0.099225,3.651741272548377e-05,0.69845,600.0,3,193.0
874,237.13737056616552,0.0033342641276323,0.071475,0.295575,0.0012720377500856,1.0911499999999998,600.0,3,193.0
875,22.438819237827666,0.0001059253725177,0.076095,0.1016749999999999,0.000337675848642,0.7033499999999999,600.0,3,193.0
876,19.99861869632744,0.0001702158508394,0.053135,0.092925,0.0004576147348863,0.68585,600.0,3,193.0
877,19.18668740670289,0.0001205035940371,0.062515,0.331275,8.365655957558108e-05,1.16255,600.0,3,193.0
878,10.64143018224316,0.0022029264630534,0.093945,0.138775,0.002894009817065,0.77755,600.0,3,193.0
879,26.485001386067008,0.0010641430182243,0.058945,0.0288749999999999,3.072557365267446e-05,0.55775,600.0,3,193.0
880,10.839269140212034,0.0009527961640236,0.093455,0.280525,0.0021802183971859,1.06105,600.0,3,193.0
881,146.21771744567184,0.0073620709749473,0.067975,0.005775,3.576844005764751e-05,0.51155,600.0,3,193.0
882,39.902490236214206,0.0049545019080479,0.071195,0.098525,0.0014404560102463,0.69705,600.0,3,193.0
883,27.73320104651841,0.0081096105785384,0.060275,0.232575,0.0009130614352931,0.96515,600.0,3,193.0
884,170.215850839495,0.0024831331052955,0.044945,0.055825,1.3979769153227804e-05,0.61165,699.0,3,225.0
885,814.7042840208396,0.0018836490894898,0.058735,0.3330249999999999,1.1762509846847233e-05,1.1660499999999998,600.0,3,193.0
886,810.9610578538412,0.0020941124558508,0.067275,0.036925,0.0001851398894205,0.57385,600.0,3,193.0
887,606.7363295885053,0.0055335010921573,0.061535,0.2042249999999999,0.0078252820506661,0.90845,600.0,5,242.0
888,18.407720014689563,0.0011830415557251,0.072035,0.1020249999999999,4.163897210251643e-05,0.70405,600.0,3,193.0
889,152.40527537972906,0.0001389952631213,0.090935,0.006125,0.0001231685985736,0.51225,600.0,3,193.0
890,11.194378834671516,0.002275097430772,0.042915,0.203175,0.0001165467050837,0.90635,732.0,3,236.0
891,437.5221051582521,0.0019724227361148,0.066435,0.317275,1.1441948798169872e-05,1.13455,600.0,3,193.0
892,22.8559880337543,0.0008336811846196,0.063425,0.214375,1.7438133574658392e-05,0.92875,600.0,3,193.0
893,484.1723675840994,0.0054827696492085,0.088135,0.3239249999999999,4.022536559986826e-05,1.14785,600.0,3,193.0
894,16.94337800447329,0.0062661386467233,0.062095,0.0568749999999999,0.0055017392051071,0.61375,600.0,5,242.0
895,187.49945080674192,0.0017579236139586,0.073295,0.136675,0.0005514422023817,0.77335,600.0,3,193.0
896,400.866717627303,0.0003935500754557,0.053765,0.0068249999999999,0.0069103492940494,0.51365,600.0,5,242.0
898,31.26079367123956,0.0023604782331805,0.094505,0.189525,1.2430826358446224e-05,0.8790500000000001,600.0,3,193.0
899,66.52731562017412,0.0020653801558105,0.093665,0.329875,0.0003771377450113,1.15975,600.0,3,193.0
900,393.5500754557776,0.0092682982337934,0.049145,0.076125,1.067824792539099e-05,0.65225,639.0,3,206.0
903,20.844908830972887,0.0027101916318908,0.090025,0.0768249999999999,0.0004704354057259,0.65365,600.0,3,193.0
905,358.92193464500536,0.0001909853258566,0.087295,0.240975,1.4076672283622649e-05,0.98195,600.0,3,193.0
907,533.3348954876208,0.0028510182675039,0.085335,0.330225,0.0001453784385607,1.16045,600.0,3,193.0
908,140.2813704561959,0.0001078946722229,0.0478149999999999,0.328125,2.314728186015241e-05,1.15625,657.0,3,212.0
909,233.8837238659356,0.0004931738039549,0.099545,0.266875,2.770129039163733e-05,1.03375,600.0,3,193.0
910,34.119291162192845,0.0010069316688518,0.052435,0.118475,0.0016538647847713,0.73695,600.0,3,193.0
911,266.0725059798809,0.0017179083871575,0.069235,0.196875,3.601637503947273e-05,0.89375,600.0,3,193.0
912,59.02010801718442,0.0047752927365769,0.051665,0.2336249999999999,0.0094297461145989,0.96725,608.0,5,246.0
913,102.09394837076798,0.0001999861869632,0.070495,0.303275,6.389987373482774e-05,1.10655,600.0,3,193.0
914,11.93988104464273,0.0017660378206861,0.061395,0.126525,0.0001547034503947,0.75305,600.0,3,193.0
915,120.50359403717974,0.0003655947916131,0.052785,0.0442749999999999,0.0001525808394807,0.58855,600.0,3,193.0
916,345.93937782612204,0.0013645831365889,0.075115,0.261275,0.0026637900967669,1.0225499999999998,600.0,3,193.0
919,662.2165037017622,0.0012971792709839,0.098845,0.121975,0.0008231898369213,0.74395,600.0,3,193.0
920,33.03695410368149,0.0005188000389289,0.054045,0.277725,0.0012459482372707,1.05545,600.0,3,193.0
921,297.1666031738025,0.0096605087898981,0.073505,0.2035249999999999,0.0008759917176331,0.90705,600.0,3,193.0
922,56.36376558259543,0.0018238957023196,0.058175,0.3400249999999999,0.00143053998082,1.18005,600.0,3,193.0
924,49.77370849789361,0.0022542392121524,0.077075,0.142975,1.0244717803103823e-05,0.7859499999999999,600.0,3,193.0
925,21.134890398366466,0.000415910610494,0.059295,0.2126249999999999,1.2691121444451916e-05,0.92525,600.0,3,193.0
926,62.086903423006376,0.0005457578610912,0.060625,0.139125,0.0078795243145133,0.77825,600.0,5,242.0
927,93.97233105646376,0.0085310011401758,0.056635,0.173425,0.0009451483924407,0.84685,600.0,3,193.0
928,417.83036664662177,0.0039536662006812,0.079385,0.1083249999999999,3.728206849429569e-05,0.71665,600.0,3,193.0
929,11.246049739669262,0.0003140508693876,0.051385,0.104125,1.4774064815896144e-05,0.70825,611.0,3,197.0
930,333.4264127632351,0.000160324539069,0.063565,0.129325,0.0001515304803698,0.75865,600.0,3,193.0
931,134.58603540559483,0.000166341265037,0.042285,0.085225,3.527767866188742e-05,0.67045,743.0,3,239.0
932,502.34258952238713,0.0001972422736114,0.067415,0.2966249999999999,0.0046612242800188,1.0932499999999998,600.0,3,193.0
934,67.14288529259522,0.0027227013080779,0.050125,0.158025,0.0002981947547925,0.8160499999999999,627.0,3,202.0
936,240.43628000069347,0.0052119471110508,0.056565,0.310975,0.0024688801049062,1.12195,600.0,3,193.0
937,93.5405674147552,0.0001352072563194,0.077495,0.332325,4.34010263644744e-05,1.16465,600.0,3,193.0
938,32.73406948788383,0.0028248799749157,0.048235,0.263025,0.0058143343230844,1.02605,651.0,5,263.0
939,38.99419866765434,0.0013772094688939,0.089185,0.187075,9.942600739529578e-05,0.87415,600.0,3,193.0
940,24.603676041476277,0.0015958791472367,0.078195,0.020475,0.009896918638691,0.54095,600.0,5,242.0
941,719.4489780036998,0.0008109610578538,0.068955,0.092575,2.621199038635242e-05,0.68515,600.0,3,193.0
943,70.95777679633888,0.0001193988104464,0.079945,0.317975,2.115923685240945e-05,1.13595,600.0,3,193.0
944,15.170503674593368,0.0006471426157485,0.087225,0.046725,0.0002357762195961,0.59345,600.0,3,193.0
945,81.846478813479,0.0010447202192208,0.067695,0.320775,1.696289602260082e-05,1.14155,600.0,3,193.0
947,29.174270140011675,0.000822242649947,0.041725,0.1814749999999999,0.0001001151955538,0.8629499999999999,753.0,3,242.0
948,103.9920165829059,0.0043752210515825,0.082955,0.331625,8.137668607787869e-05,1.16325,600.0,3,193.0
949,384.5917820453535,0.0090157113760595,0.066925,0.030275,5.1939767350700815e-05,0.56055,600.0,3,193.0
950,944.0608762859237,0.0034119291162192,0.095905,0.2371249999999999,0.0004420791168756,0.97425,600.0,3,193.0
951,680.7693586937418,0.001782378767448,0.048725,0.011025,0.0010702863829113,0.52205,645.0,3,208.0
952,10.49542428652322,0.0021727011788637,0.054885,0.3064249999999999,0.0001072753647835,1.11285,600.0,3,193.0
953,961.6122783836648,0.0078523563461007,0.039695,0.060725,0.0017238520910269,0.6214500000000001,791.0,3,255.0
954,497.7370849789361,0.0004295364267648,0.068675,0.193725,0.0004097321098135,0.8874500000000001,600.0,3,193.0
955,21.6271852372702,0.0017418068733916,0.077145,0.2952249999999999,2.5852348395621887e-05,1.09045,600.0,3,193.0
956,45.60369159512962,0.001963360276836,0.086805,0.149975,4.192759966846059e-05,0.7999499999999999,600.0,3,193.0
957,12.676518658578456,0.0005714786366718,0.055935,0.200725,0.0011233109696743,0.90145,600.0,3,193.0
958,388.15036599064825,0.0001866379690834,0.086665,0.063875,0.0007022633437357,0.62775,600.0,3,193.0
959,89.33054837332953,0.0090991327263225,0.092405,0.227675,2.9682467434632428e-05,0.95535,600.0,3,193.0
960,118.30415557251646,0.0053088444423098,0.075885,0.201075,9.538937428415446e-05,0.90215,600.0,3,193.0
961,17.988709151287875,0.0003069021988391,0.080715,0.165725,7.970764905902976e-05,0.83145,600.0,3,193.0
962,197.24227361148533,0.000386366977054,0.040605,0.080675,0.0010057730630017,0.66135,774.0,3,249.0
963,44.77133041763626,0.0042169650342858,0.060695,0.057925,0.000136615507569,0.61585,600.0,3,193.0
964,53.826978251628816,0.0002317394649968,0.049985,0.017675,0.0044106236312143,0.53535,629.0,3,203.0
965,40.64433291652128,0.0078886011761855,0.093105,0.070175,0.0086796057729237,0.64035,600.0,5,242.0
966,47.097732639695295,0.000192752491319,0.046765,0.0379749999999999,0.001665328827785,0.57595,672.0,3,217.0
968,311.17163371060167,0.0014223287871228,0.054185,0.308875,0.0024182433379304,1.11775,600.0,3,193.0
971,14.757065332758946,0.0093110787546783,0.090235,0.203875,3.967345289316543e-05,0.90775,600.0,3,193.0
973,55.08076964054035,0.0001945360081622,0.070915,0.1062249999999999,0.0002707073203921,0.71245,600.0,3,193.0
974,215.27817347243737,0.0001566751070108,0.087505,0.0316749999999999,0.0015977175290586,0.56335,600.0,3,193.0
976,477.5292736576907,0.0036224299841669,0.082115,0.207375,0.0018344251671177,0.91475,600.0,3,193.0
978,169.43378004473288,0.0002971666031738,0.056915,0.1013249999999999,9.278974901273317e-05,0.70265,600.0,3,193.0
979,13.458603540559483,0.0008851156098308,0.062935,0.298375,0.0001338135215154,1.09675,600.0,3,193.0
980,763.8357835776907,0.0013963683610559,0.064965,0.044975,1.3228177080099352e-05,0.58995,600.0,3,193.0
981,264.8500138606701,0.0013458603540559,0.091775,0.029225,0.0002561533264087,0.55845,600.0,3,193.0
982,96.16122783836649,0.0007063175542629,0.043405,0.349825,3.1586390484234735e-05,1.19965,724.0,3,233.0
983,935.405674147552,0.0001109174815262,0.083865,0.307125,0.0002215644096312,1.11425,600.0,3,193.0
984,33.342641276323505,0.0001531087461682,0.048515,0.115675,0.0002474571461333,0.73135,648.0,3,209.0
985,57.94286964268809,0.0043151907682776,0.039345,0.322875,0.0040318094644346,1.14575,798.0,3,257.0
987,14.962356560944336,0.0008729713683881,0.054815,0.098175,0.0006463979939995,0.69635,600.0,3,193.0
988,26.73006408663312,0.0001766037820686,0.076585,0.008575,0.0016311729092278,0.51715,600.0,3,193.0
989,853.1001140175895,0.0020370420777057,0.061255,0.272125,0.0002526387710131,1.04425,600.0,3,193.0
990,23.933157564053875,0.0001402813704561,0.056005,0.074375,0.0001118149824584,0.6487499999999999,600.0,3,193.0
991,67.45280276979223,0.000126182753459,0.073225,0.020125,0.0035115592451629,0.54025,600.0,3,193.0
992,20.18366363681561,0.0001892343618644,0.087785,0.0551249999999999,3.780071373018109e-05,0.61025,600.0,3,193.0
993,54.3250331492433,0.0001849268618978,0.056425,0.3113249999999999,0.0002293506630447,1.12265,600.0,3,193.0
994,117.76059735208078,0.0004335108783875,0.049285,0.2906749999999999,0.0015222991328804,1.08135,637.0,3,205.0
995,250.6109253032114,0.0001383566378971,0.078405,0.130025,0.0076120213900571,0.76005,600.0,5,242.0
996,15.595525028269538,0.0005260172663907,0.042635,0.142275,1.4672360869077524e-05,0.7845500000000001,737.0,3,237.0
997,131.5224832192239,0.0002494594726942,0.046695,0.148225,1.4272498301648926e-05,0.79645,673.0,3,217.0
998,342.76778654645045,0.0003303695410368,0.0705649999999999,0.3361749999999999,0.0006737518954705,1.1723499999999998,600.0,3,193.0
999,19.633602768360465,0.0002460367604147,0.062655,0.154525,1.2779092095662863e-05,0.80905,600.0,3,193.0
